bootstrap,accuracy,balanced_accuracy,precision,recall,specificity,f1,roc_auc,average_precision,brier
0,0.006549568323905963,0.012569936952699257,0.06605017750073339,0.019630484988452657,0.0055093889169459676,0.03819888221027101,0.01873518278161157,0.04935760934970934,-0.004009826562984882
1,0.008075871780004906,0.018345831133235402,0.07347135045389663,0.030569948186528473,0.006121714079942331,0.047649504370963935,0.02891386919943817,0.05628560041635178,-0.004771531165248193
2,0.005668980815840219,0.020420346587244453,0.04598465353819203,0.03781739600216094,0.0030232971723279656,0.0415068945797098,0.02634354031202224,0.050969386538782135,-0.004251311933511165
3,0.005936342202761846,0.018967647499051,0.07771232771232772,0.033419023136246784,0.0045162718618552145,0.051888675062534306,0.025374368827351224,0.049069851649701346,-0.002070537854222558
4,0.0057452123230641305,0.008311390618324532,0.06617062708264587,0.011271133375078346,0.005351647861570719,0.033701498281436204,0.023335756617421155,0.04973178558775582,-0.003397443666559051
5,0.008742268041237122,0.023654602962261184,0.08831189915693527,0.04070912672357185,0.006600079200950404,0.06132602294649203,0.027249948798466206,0.0673248660280662,-0.003850844960121856
6,0.004970384790622506,0.01586720569526645,0.06582378211851958,0.027983539094650123,0.003750872295882779,0.04399069642617526,0.02109816308127943,0.05523590870922557,-0.002548981512464698
7,0.006567534076827752,0.018152232273391578,0.07117545535836145,0.03148614609571787,0.004818318451065284,0.04734882994507639,0.027261557650908208,0.05822942433780953,-0.003770114530706789
8,0.007041958335079923,0.013085858587925214,0.06562849726178888,0.020357497517378365,0.005814219658471842,0.03786835210544792,0.0197317900276055,0.04261890622270448,-0.004298024654953034
9,0.007100642034100102,0.0023041324773254157,0.09712591356245104,-0.002946954813359548,0.007555219768010324,0.040456346757716644,0.023803155135912357,0.046877158939146735,-0.001672420831387668
10,0.006507315413405879,0.0060533215289009235,0.09417706476530002,0.005561735261401579,0.006544907796400268,0.047873565034466214,0.015248594292503248,0.0588928481854607,-0.0015752940421950787
11,0.008302544729959727,0.0027710629075268223,0.08805479452054799,-0.003503854239663595,0.009045980054717129,0.03973992880118116,0.022902562424173545,0.04769968338445929,-0.0025258941711272034
12,0.006259189245956698,0.008163067894799036,0.0809074298118524,0.010292953285827355,0.006033182503770718,0.040849652109930745,0.01788169078316959,0.05389377441540277,-0.0025010813728856933
13,0.006059096945551179,0.02185013712253636,0.06534745447788926,0.039893617021276695,0.0038066572237960283,0.05032881797279698,0.022005221086545346,0.05663432919296285,-0.003677327840948784
14,0.00892218340978923,0.0006932618432498039,0.09066577817331312,-0.008626887131560013,0.010013410818059842,0.039499288709567204,0.01726574533843117,0.04970331106221193,-0.002454608134020715
15,0.007313445169820687,0.027404792681714252,0.07150238458993607,0.050561797752809,0.004247787610619502,0.05942771960442117,0.025971448852651013,0.05775841891898381,-0.003886684735142004
16,0.006929263765724891,0.01507566519713599,0.08083478260869559,0.024285714285714244,0.005865616108557736,0.04847946725860153,0.023249476284275872,0.056268144202331394,-0.0029424123658722753
17,0.006823289070480132,0.054946104697335185,0.08899137013769609,0.10796460176991152,0.0019276076247590757,0.10244374647436116,0.03579080244959709,0.0943357272978223,-0.0034038301348739697
18,0.007749978940274627,0.015255351019773045,0.08179271586103454,0.02405498281786933,0.006455719221676648,0.04642245878969942,0.025709206839023224,0.06267343053401442,-0.004856454268570259
19,0.005858644617110498,0.020746256422587872,0.08125856435121748,0.03713768115942029,0.004354831685755345,0.05573486451680648,0.019379454629911974,0.06301960690046993,-0.0022529596690330257
20,0.009407492985641142,0.027921983439990306,0.11583651013084217,0.048428207306712046,0.0074157595732686765,0.07812398021120232,0.027006449378884523,0.07985300491810698,-0.00311290564517688
21,0.007601421135255748,0.01967944112765374,0.07972270363951472,0.03320463320463318,0.006154249050674299,0.054786750615581026,0.022477072182453872,0.05437564458168265,-0.0022522671648082665
22,0.00867606573788271,0.02797435760976197,0.07590349365896709,0.05038992201559689,0.005558793203927048,0.061599166986353926,0.030314674949978748,0.06780442826694055,-0.004452372727830209
23,0.005538074260541204,0.0046502315204448585,0.07249518740457783,0.00364697301239969,0.005653490028490027,0.03234281289584895,0.017264757902294314,0.03992208904086514,-0.0021422981783093403
24,0.008278079164155128,0.04602013947666017,0.08243055716088021,0.08858965272856134,0.0034506262247592234,0.08660248526230974,0.029226841259358483,0.07525353234104704,-0.0038375309682631698
25,0.0058268706770069345,0.015868825582625257,0.07941208256781584,0.027091633466135523,0.004646017699115101,0.04817836034876233,0.019042044212530418,0.05775209482854482,-0.002816664262395824
26,0.008108108108108025,0.0037154563215702208,0.09486618764969285,-0.0010582010582010914,0.008489113701341533,0.047800108042613365,0.02048004207669929,0.06378549595974975,-0.001948865933564834
27,0.007505316265688178,0.02184615084390429,0.08147806888959364,0.038108680310515175,0.005583621377293291,0.05696593718523946,0.019757460762317547,0.061144863075299094,-0.003330428532668961
28,0.00585953618882562,0.017812239026913312,0.059163772843663365,0.03167961745367598,0.003944860600150757,0.04273468588978424,0.03152601913182007,0.05520423868978508,-0.004012856295796938
29,0.0069143972172732715,0.006659128569773909,0.11371232619044169,0.0063856960408684715,0.006932561098679346,0.05716650589023775,0.019782853272781953,0.07182015235504474,-0.0017555187928223262
30,0.00598976748055402,0.018820024449753392,0.05797093340733506,0.03374777975133214,0.003892269148174643,0.04366036579019528,0.028109296415858687,0.056262295739355705,-0.00414738289306385
31,0.005221168706403212,0.011107439230373828,0.06077982837055418,0.0178453403833444,0.004369538077403257,0.03549047911055059,0.0230283356030625,0.048434369479943395,-0.003327484685303833
32,0.008489891985037579,0.0218191598384867,0.08623176951379752,0.037011651816312496,0.006626667860660906,0.05841084481861181,0.020751914988921705,0.059026348890383384,-0.0031072104329884914
33,0.00861530777874886,0.021792775266733067,0.09476038562664335,0.036621823617339344,0.006963726916126789,0.06257010199431012,0.01773315411134402,0.06371162579025758,-0.0029977388461324
34,0.006937189184671233,0.016625337073501223,0.09535102778222937,0.027190332326283984,0.006060341820718462,0.05909549582607099,0.01781466603862203,0.060406704056209626,-0.001957936713279703
35,0.006656275013691704,0.02565053670412476,0.0822168954919249,0.0465753424657534,0.004725730942496176,0.06298385128801565,0.0184788724554803,0.06542755183032511,-0.002375369382830058
36,0.0067828225020136745,0.0017147258846726965,0.07551349407930597,-0.0040760869565217295,0.007505538725867011,0.03126321542278798,0.01787728822605472,0.04699131645109411,-0.002611512290113964
37,0.006150112961258558,0.009925719870404026,0.06046322823065353,0.014432989690721598,0.005418450050086454,0.03257095230520424,0.0215470465856209,0.04999098963423576,-0.00467935559039627
38,0.0047701464814893235,0.014496977158312996,0.04101097641561846,0.02618328298086603,0.002810671335759962,0.03207702264275525,0.02413847817086101,0.047722437377751614,-0.005291609678418706
39,0.0063396038783458675,0.029192807642697938,0.07237390825399326,0.05483625285605476,0.0035493624293413406,0.06247676737923358,0.02358564066253832,0.050841578646744656,-0.002520181391755888
40,0.009392691713844603,0.013385554088900964,0.10274819493340759,0.01792114695340502,0.00884996122439674,0.054377074568133676,0.020342189998330595,0.06035261050009233,-0.003134603474424652
41,0.005541689580777498,0.013853874458635729,0.05695043985125747,0.023522316043425806,0.00418543287384554,0.03705940910486627,0.024084623143938,0.05179724432991095,-0.003996384651789996
42,0.007062384395493448,0.01295756821662608,0.08148491374995359,0.019593067068575665,0.006322069364676608,0.047116383573660436,0.019617005405031418,0.05232106767395661,-0.002565488629955155
43,0.007824064284203791,0.013898868728394076,0.0918188956440843,0.02075611564121571,0.007041621815572219,0.05190591370757325,0.018788136729275928,0.06340905654682039,-0.003215442069930647
44,0.007758765307834259,0.020122558041079763,0.08979490251575062,0.03413940256045522,0.0061057135217041925,0.05747431579016837,0.023092397993294433,0.06798714868492839,-0.003853664161733078
45,0.005428460643660427,-0.0002140856329225782,0.08332789275532637,-0.0064397424103035394,0.006011571144458494,0.03184123083059365,0.020028348206154956,0.05593516882804306,-0.002300793879875293
46,0.008111288560141205,0.013337581110298702,0.09149540517961569,0.019150707743547102,0.007524454477050413,0.0528424212536065,0.024703977744980232,0.061316583210973996,-0.00238896410753682
47,0.006158141062484579,0.017828827539752456,0.054915895233880296,0.03172978505629487,0.003927870023210156,0.04094313943108885,0.030163132515633184,0.05432895287865647,-0.00523310996224248
48,0.005770508136831554,0.028695405914506034,0.06619960912915301,0.05440613026819918,0.002984681560812885,0.05973810480380726,0.02538449132688325,0.06286097738285124,-0.003280794053909984
49,0.006247117521277934,0.02173401986833856,0.07510961997228038,0.039201183431952724,0.0042668563047245645,0.05366397751515262,0.024839664142864093,0.06533875772113817,-0.003439436825274221
50,0.006812387679190901,0.017674817801851095,0.0876729974875442,0.029580152671755677,0.005769482931946346,0.05640808764298372,0.020031911993698026,0.06354655703466511,-0.0019080302402388165
51,0.0061774461028192285,0.016652314987367745,0.07865643578916404,0.02839600920951646,0.0049086207652189184,0.049071054759345034,0.02391921696977628,0.053042932322744485,-0.0027011138503725655
52,0.006815647073402431,0.025262151124577525,0.07040272431151906,0.04625850340136056,0.004265798847794544,0.05655327718713132,0.031023103643145977,0.06862726379695672,-0.003721798660322566
53,0.006694108353083039,0.0047276969113381195,0.0680859666366912,0.0023353573096683844,0.007120036513007744,0.028008502938075663,0.024421282257189536,0.05057451321063311,-0.005177055295279238
54,0.006057037099352236,0.01835842092488804,0.06250126403074119,0.03264812575574372,0.004068716094032476,0.04439171547110532,0.028055158626902776,0.05739051950505969,-0.004240481895659912
55,0.005482777382497028,0.009769435121122272,0.0634699537750385,0.014827018121911117,0.004711852120333537,0.03259223917681653,0.02444298167307879,0.05045156437277476,-0.0046354389966835816
56,0.008359146263843598,0.018062503904691884,0.10853245387989852,0.028776978417266175,0.007348029392117539,0.06375890633437381,0.021809466254651744,0.08090383915771093,-0.0031498967048370144
57,0.008324061482671952,0.02475290647161854,0.07636505441087382,0.04399323181049064,0.005512581132746552,0.05738428120124872,0.023661846580783963,0.0578447092986335,-0.004422736421023504
58,0.0060396534488503795,0.028909380031168275,0.06304643897979012,0.05485232067510548,0.002966439387230957,0.058801288140305275,0.028794955689290358,0.059904082903587175,-0.0035941845075402254
59,0.0074642512685033635,0.01379303598005277,0.09588788006756754,0.020710059171597628,0.0068760127885079125,0.055974342384288445,0.024928299821420086,0.06785336207393383,-0.0021054873023815743
60,0.007397417034494036,0.021335200746965377,0.0853239096192111,0.03711484593837533,0.005555555555555536,0.05734264633385877,0.023813019131263657,0.0603003140442252,-0.0033904569118441627
61,0.005937342091965614,0.01832455679977396,0.06706716534917667,0.032394366197183055,0.004254747402364756,0.04659262028185085,0.02539655255070361,0.060477225843751814,-0.0034159772673461875
62,0.006092659191876515,0.013205285050159166,0.06605784924725011,0.021492537313432813,0.004918032786885296,0.03887771410733598,0.022614890030720702,0.05085972172897657,-0.004050911466783491
63,0.006443022206949922,-0.005132114690775125,0.08356977895084133,-0.017745302713987443,0.007481073332437305,0.0326020479485567,0.012971632934828281,0.041184439595043476,-0.0011062610985849292
64,0.006062918680573182,0.017183732747615976,0.09435886328974563,0.029322548028311413,0.005044917466920373,0.056118064200877615,0.02005178618116088,0.06951935198476034,-0.0023463574468158242
65,0.0064025277512160805,0.02414486346243705,0.07891246684350128,0.04371097234611959,0.0045787545787545625,0.05971329296964395,0.022413588139343132,0.06560944040116501,-0.0023675039887226176
66,0.004845121749213144,0.0067983229316016525,0.06745720048464887,0.00897226753670477,0.004624378326498535,0.03396392358367484,0.017741402754187452,0.041022606223898195,-0.0018732897615084919
67,0.005155071248952203,0.020426311318751278,0.04980395233199708,0.038235294117647034,0.002617328519855633,0.04332569920721807,0.026314796135060603,0.05483194174530337,-0.004610767704033819
68,0.005737356566085872,0.011461609446554832,0.06214267380505123,0.01819215463331436,0.004731064259795192,0.034796249368256205,0.02029948200542875,0.0456853668022732,-0.004081345258755045
69,0.006818086752833907,0.01547560067242093,0.06828767546206727,0.025697102241662106,0.005254099103179644,0.04209451573577916,0.024130956545487137,0.051613294019964284,-0.0044572773677576255
70,0.006526590593288084,0.015349566231683265,0.08413904468787325,0.025369978858350906,0.005329153605015624,0.04794677984692053,0.020114737392567972,0.05506862986060501,-0.003345404554837679
71,0.0076230673155605055,0.0021035478489946913,0.08754966419712584,-0.004313000616142926,0.008520096314132308,0.03271758325909946,0.019771723546623376,0.04949256142744296,-0.0034172206306158567
72,0.008922359104489797,0.02251038882100842,0.10306410750353168,0.03785714285714287,0.007163634784873918,0.0651671010252799,0.034964150814669526,0.07845155727553854,-0.003940979701344473
73,0.0044603776731001465,0.022154289526779336,0.07759763729912983,0.04123711340206182,0.003071465651496741,0.05645272601794338,0.023508062430092513,0.06557893541188198,-0.0018633361456320621
74,0.009413707679603589,0.014811437934759919,0.08592531414075866,0.02096010818120353,0.008662767688316309,0.05288592285951632,0.014762157355402206,0.047930875949374396,-0.0023425895821028234
75,0.0057995028997513964,0.023566567627173574,0.08435237052104527,0.04325699745547079,0.003876137798876411,0.0593516172333608,0.028077277031943293,0.0734170630769152,-0.0032611357795668955
76,0.00510462369220388,0.014383976304850887,0.08628365562837637,0.024390243902439046,0.0043777087072626175,0.05113580040395033,0.02043034961215595,0.05059913516112624,-0.0013103581942607821
77,0.008044012837077452,0.004650783446974005,0.095046497792529,0.0009191176470587648,0.008382449246889245,0.047205909400035106,0.018960909511152257,0.04904689940131923,-0.001746569252664771
78,0.007345355506953255,0.01470483874640438,0.06498145727339255,0.023552502453385582,0.00585717503942329,0.040195225542114965,0.026218673321334984,0.05724276825318464,-0.0054237629188097145
79,0.006717569992072403,0.012807407596705067,0.07855171053928817,0.01949860724233987,0.006116207951070263,0.048681055155875286,0.016449346172583423,0.05011703193318473,-0.0015734554032576717
80,0.006757320430466285,0.006183623040209252,0.0898656268756266,0.005542359461599422,0.0068248866188190815,0.04187325803666497,0.0218510024040236,0.0531141794276474,-0.002374427752160079
81,0.009689206388307281,0.024132780841581658,0.0906113521415376,0.040935672514619936,0.00732988916854338,0.062037510898868664,0.03129876360733008,0.0641950060989015,-0.004256517904406711
82,0.009132981119711614,0.03468474116206266,0.10037100486615447,0.06331045003813884,0.0060590322859863655,0.0798018650588248,0.027147247557322562,0.06972461251067252,-0.0031406629101283917
83,0.006505270092226567,0.013264832016668171,0.08795246493659192,0.02080000000000004,0.00572966403333619,0.04819734550774657,0.025708933067106532,0.06009970476494664,-0.0026659904870482976
84,0.00944553483807653,0.04487397744042909,0.10357991338485528,0.08444096950742769,0.0053069853734305505,0.09316751477819041,0.03508811730429018,0.08287932015560928,-0.0035494089448010607
85,0.007718444565627758,0.015094866727660694,0.08402109567271443,0.02342606149341142,0.006763671961909856,0.050790245553424374,0.024258148333393015,0.059779328918200925,-0.002981388511996412
86,0.006194542106144341,0.014080358912861857,0.0776682380197452,0.022935779816513735,0.0052249380092100894,0.04529035115836899,0.023997785095345114,0.05728332716411555,-0.002842596910863221
87,0.005088514495852237,0.0072338420216653265,0.06791617814620932,0.00965824665676085,0.004809437386569804,0.03331744625251365,0.018215681740345158,0.048213000860346855,-0.00273799828436104
88,0.006314746791035497,0.018922330072077442,0.06785468961592056,0.033623188405797144,0.0042214717383576295,0.04646949763629771,0.029418782876602934,0.056454331858571405,-0.0043808186992254985
89,0.005002066969822194,0.023099592046797457,0.05122115073479294,0.043942247332077855,0.002256936761517059,0.04782766439160824,0.030366443378745056,0.054848478780465726,-0.004205263140327785
90,0.005373134328358287,0.007148739917690494,0.06264828374895448,0.00925421883505717,0.005043261000323929,0.028918576413488606,0.02145434254837808,0.05140188784931321,-0.004872983258325962
91,0.0069661995053585946,0.0390549706398261,0.09455214359152231,0.07431192660550462,0.003798014674147643,0.08326555592647672,0.029433465450816265,0.07604720122036479,-0.0026201613020301225
92,0.007979702909522435,0.03435543273148345,0.10238127722096868,0.06339285714285714,0.005318008320109757,0.08058690077162711,0.02679168785496777,0.08250238533313559,-0.0029938001192320735
93,0.007058219617572803,0.005696991414056329,0.10301211163770407,0.00418060200668896,0.007213380821423754,0.04399656132473784,0.02430207449534627,0.06038086850119062,-0.002719208645353577
94,0.008404053720029725,0.018323169801237493,0.061606154206488295,0.03062526584432157,0.006021073758153528,0.04308879291671974,0.029750369671911248,0.05235302295933508,-0.005853367812237248
95,0.005564090852468562,0.01785279751871305,0.06245618269374431,0.032015065913371,0.0036905291240552085,0.043746918596855644,0.02623742658032857,0.04947580758025938,-0.0036089464884301314
96,0.004410969164828749,0.021575593096005763,0.029763335156934745,0.04193205944798295,0.0012191267440285758,0.03903589239217464,0.027076750341306632,0.04818935444669348,-0.0052490340272409244
97,0.007426898102958046,-0.0013177984128834863,0.08429960843753947,-0.01118568232662187,0.00855008550085501,0.03350175081482565,0.01701369362686922,0.04867299074774489,-0.0022772758850777217
98,0.007660078716831054,0.025628304121178225,0.10374138657945986,0.04567699836867861,0.005579609873677671,0.06846072931276298,0.019007082117803664,0.06819151664415146,-0.0031497835006148237
99,0.006399263875528138,0.008932167803335056,0.07906006235518193,0.011834319526627168,0.006030016080042833,0.03854684439073397,0.024571944771295984,0.05902615489972418,-0.0037464264616800247
100,0.007646276595744683,0.01824122461983768,0.07437496881081895,0.03080191184280401,0.005680537396871244,0.04746336808259699,0.030214040938665754,0.05419796226585272,-0.004624867233477381
101,0.0063900485643690885,0.008326341877963217,0.07790183956872376,0.010510510510510551,0.006142173245415883,0.038796676340330793,0.019799092968860732,0.053588404015911806,-0.002706389325852432
102,0.005560235888795284,0.020311328218836078,0.051882707188671606,0.03753665689149566,0.003085999546176499,0.04357949636949088,0.02217023437120491,0.0474387943679222,-0.0042085438934831715
103,0.006458421274799564,-0.002749998869243986,0.08490566037735847,-0.012820512820512886,0.007320515082025025,0.034632332587699266,0.013670536983901083,0.03681552364751617,-0.0011235808007998803
104,0.007324014396919654,0.017631889456503624,0.09608061916653388,0.02909393183707404,0.006169847075933266,0.05713146921756196,0.02328188606971837,0.06456105462233674,-0.0027560942910471835
105,0.005446985446985408,0.019057971155897357,0.06977283532590417,0.03429462197973504,0.003821320332059619,0.0486243154079925,0.026695870303043878,0.06436597928199905,-0.0032369115758026368
106,0.004318040274029489,0.018928141173644275,0.05537528449384832,0.03518821603927985,0.002668066308008643,0.043635007867342424,0.023269484719090627,0.05664119316652472,-0.0027778214712725832
107,0.006210917694777773,0.018508494198881342,0.05883370948211575,0.03295454545454546,0.004062442943217115,0.043295801516086585,0.025675357797898646,0.05290270734029012,-0.004442349436664349
108,0.005945254118327137,0.033221790875951895,0.0750782064650678,0.0633245382585752,0.0031190434933286992,0.06870229007633588,0.020513852738047955,0.06312069833310952,-0.0026340761648131136
109,0.005517933283170406,0.006136525508632751,0.061687962811558306,0.006861063464837058,0.005411987552428665,0.028407594862642993,0.020346951000754787,0.037750757662742496,-0.0030637548687545008
110,0.007086062703415386,0.02575505372816378,0.0725483331388338,0.047193877551020336,0.004316229905307223,0.057733857686137036,0.023036301340619958,0.05625792080306713,-0.003893816987286705
111,0.008678153691359602,0.019681572170791806,0.08872093298322803,0.032360406091370586,0.007002738250213136,0.05622424942989224,0.024162332300118772,0.060531993999879075,-0.003917109125028274
112,0.005097888017821184,0.016432080523351322,0.055476059438635095,0.02935010482180289,0.003514056224899642,0.040196709191018365,0.01575369516947145,0.05297132166860885,-0.0033308118189033092
113,0.0068839678195239395,0.029226468671689876,0.0741277273962786,0.05453257790368271,0.00392035943969693,0.06296689993208726,0.03813704437067722,0.07749425802530152,-0.004033207102269905
114,0.009554005495666873,0.032001151567293995,0.10877203378740408,0.05716523101018012,0.0068370721244079835,0.07960019778201599,0.025529691910607166,0.0735835142355914,-0.0033771300646234376
115,0.005274614869390515,0.01560929851647419,0.07204391891891893,0.02689243027888444,0.004326166754063943,0.04764621538647018,0.020926432358313596,0.05949713932892098,-0.0018697271537513743
116,0.0058821075466187756,0.0343911356578217,0.08081632653061221,0.06555772994129161,0.003224541374351797,0.07245185897237122,0.022487624434645692,0.07635595894424063,-0.002565345284311585
117,0.004775589552869608,0.017549768664604448,0.06356245144675376,0.0318818040435459,0.0032177332856632157,0.04421235138705415,0.01977761595822236,0.06088778866650957,-0.003406304496931488
118,0.006933267302216217,0.016661236629114673,0.07629870129870131,0.027848101265822822,0.005474371992406524,0.04742764166219071,0.028367470852433962,0.06844600268851508,-0.004401064206444927
119,0.00830234368243532,0.008945765917246162,0.10958062171359623,0.009652509652509689,0.008239022181982802,0.05474175917647406,0.01746448802809153,0.0636005944284459,-0.002181970306046374
120,0.004635569719796395,0.017162028658981088,0.057367423603019496,0.031176929072486315,0.0031471282454760274,0.0420701744302997,0.021615367072635783,0.04658896571388538,-0.0023067406098608266
121,0.006780501922520443,0.018836187330933618,0.10373492511222016,0.03180212014134276,0.005870254520524476,0.06587414096864896,0.022694855274275616,0.0703658609987603,-0.0019081955096834045
122,0.005617977528089901,0.01852509204017372,0.05597453844677858,0.033436532507739924,0.0036136515726076235,0.04276866440919347,0.029171697137241437,0.059720531497474694,-0.004175102246759516
123,0.006773451478231274,0.006342668452762101,0.07002378914779683,0.005829358770535253,0.006855978134988727,0.03158098627159578,0.021673221402633613,0.04738054258698643,-0.004373321218421156
124,0.007028112449799173,0.012924287111289012,0.10302476968627816,0.019348268839103844,0.006500305383474347,0.05673575129533681,0.019092375791025074,0.06599423457050202,-0.002116702191763003
125,0.006811762751287587,0.010491053727919586,0.07942939048529107,0.014641288433382083,0.006340819022457089,0.04326612708965649,0.02328711108876136,0.06336819070363864,-0.0031938813516865956
126,0.007054969974383707,0.01794983047987797,0.08300625778282189,0.03028118240807498,0.005618478551681072,0.052272445820433444,0.023157135370026727,0.061440194091147426,-0.003396848380457909
127,0.007261889770389884,0.023374462272566232,0.07756478645421072,0.04197994987468673,0.004768974670445791,0.05596875238117316,0.027845404215537384,0.06132523556256042,-0.0042373939151247875
128,0.00770689086712828,0.019884008665238984,0.08322107787970767,0.033466135458167234,0.006301881872310844,0.056964485572567836,0.01964301514442901,0.05938345673451617,-0.002358205316305935
129,0.008091345956380613,0.026501954790097093,0.07972600735323143,0.04776484996938146,0.005239059610812724,0.06101768763940041,0.023663900550744632,0.05676264570044476,-0.003866243622827531
130,0.008420092081795172,0.02240529442296546,0.0939760800209608,0.037953795379537913,0.0068567934663930075,0.06425432855508484,0.021882559592815598,0.06107404516901582,-0.0023865183633512595
131,0.010338740859040074,0.02076433795364452,0.10060216340162498,0.0328947368421052,0.008633939065183949,0.06156624693141166,0.024797620762461836,0.0675047309973067,-0.004486734376192063
132,0.007772345493293309,0.019753783859533525,0.09029655013013638,0.033117932148626794,0.006389635570440255,0.05835099493700696,0.022134600301972562,0.06075726150402261,-0.0025057628872220544
133,0.007953274512240593,0.023221107553591303,0.10757978723404255,0.03983656792645557,0.006605647180726981,0.07096045836365306,0.031198515690743722,0.08467967537714188,-0.0024442961967982707
134,0.006143173555100523,0.020984571391740703,0.08215753556201433,0.03752039151712888,0.004448751266352469,0.05540807887895394,0.024367804586913788,0.058960356139658776,-0.002628548871790079
135,0.004873949579831893,0.03824501881885711,0.061072360907162726,0.07490636704119846,0.0015836705965158737,0.0698611076185447,0.021656061082366174,0.06589817753296245,-0.002435149251884837
136,0.007545931758530133,0.025247910808372298,0.09026487180087006,0.04488778054862841,0.005608041068116076,0.06520787071305201,0.025896157898396388,0.06841788329932874,-0.0026873202651466165
137,0.006374769334004382,0.016576279986907805,0.08058804267968867,0.027937551355792956,0.0052150086180227095,0.05053490990990994,0.023949507461926145,0.06602387738541571,-0.0028216618154793954
138,0.006338146406984602,0.02089363076359607,0.06992539199707148,0.03761348897535666,0.004173772551835486,0.05037109246268534,0.02178245577761584,0.05375584523269672,-0.003814402158915417
139,0.0042342682262189735,0.020497994420306753,0.05553465100421662,0.03852739726027399,0.0024685915803394076,0.045728839506061436,0.02567379778442702,0.06304528659796649,-0.0028941645540939767
140,0.009514229431241916,0.017428408409796092,0.11035768089585773,0.026273885350318438,0.008582931469273913,0.06376809447062393,0.02359446677361743,0.06771305826537855,-0.0029769889003492603
141,0.005295417587457774,0.01060717226060337,0.06406926406926405,0.016677785190126748,0.004536559331079881,0.03549715414053445,0.024575017633175045,0.046746144027003944,-0.0030630337136550237
142,0.009229617927077771,0.025012873257378887,0.09360947680388987,0.04317460317460309,0.006851143340154797,0.06428041935825479,0.02557381679723536,0.06617968110314987,-0.004168254405193132
143,0.007998031253845128,0.02692943609916254,0.08632168519350325,0.048099301784328974,0.005759570413996218,0.06554332877096891,0.02469529578921803,0.06648717956488048,-0.0028360621412108697
144,0.008596350764822458,0.020183943424743944,0.08012846227429504,0.03377218088151113,0.0065957059679766505,0.0531404592292698,0.0297260473142148,0.06681819452177351,-0.004835990270946833
145,0.005124145975670791,0.028712500298771815,0.06297206345814865,0.05484147386461008,0.0025835267329333833,0.058661341625834806,0.02972250829891321,0.0693408068460476,-0.002897499403219192
146,0.0070895522388059184,0.020263323279565593,0.07549276009440586,0.03530979347101937,0.005216853088111706,0.05221228735160022,0.02725145819199659,0.0676396644463566,-0.003969408989219048
147,0.0059117402164863275,0.016001091335258733,0.07421510576318946,0.026970954356846488,0.005031228313671088,0.05009770780908235,0.02209276763629453,0.060627625370406335,-0.0015993791322817183
148,0.007482540738277366,0.024861326086190516,0.11366542664496626,0.04371002132196167,0.006012630850419587,0.07462711387417809,0.026420421897778268,0.07930070289945551,-0.0024218919351327722
149,0.006744020441502907,0.014198284050123577,0.09864198526779633,0.022388059701492546,0.006008508398754442,0.053934214853057605,0.022474527334818473,0.06515250400516975,-0.0023738147137393126
150,0.0063406547865727525,0.022566026270822492,0.06661367677965191,0.041149575440888264,0.003982477100756721,0.051681524658551914,0.028700815620212317,0.07096384900122932,-0.004384494067855571
151,0.005264685155246029,0.01680672396139893,0.07632548179871523,0.029565217391304355,0.004048230531493502,0.048092225302717895,0.020584107241203853,0.05349979556179019,-0.002213941258614873
152,0.00596026490066226,0.03838575609517936,0.08001752396660133,0.07404021937842781,0.002731292811930963,0.07727845141600759,0.028185711742680697,0.07452001855133006,-0.0029157670681991023
153,0.0063341583120097855,0.015107913712738896,0.07507340768845472,0.02511880515953835,0.005097022265939444,0.04496469394002778,0.027028040998365865,0.06142262227627271,-0.003768209940716763
154,0.008593550582829956,0.0033612523666942673,0.09586316296216246,-0.002473206924979432,0.009195711658368078,0.04402952645602487,0.015683224938463858,0.0437222693933349,-0.001802625248428967
155,0.005458056931732291,0.006413749309304495,0.05508684741667613,0.007560483870967749,0.005267014747641241,0.026119904616343947,0.02434889715876687,0.04265202201956808,-0.004225265898802143
156,0.005965270684371804,0.022792515283966752,0.07596483860223313,0.041459369817578806,0.004125660750354587,0.056204577479953666,0.028875028356434407,0.06296629300523982,-0.002552192723134769
157,0.0074349442379182396,0.0332979199423431,0.08827171513662557,0.062146892655367214,0.004448947229318989,0.07343225083986565,0.023612672142107827,0.07969700269082663,-0.003416827908692646
158,0.006692363081875596,0.009392041196756185,0.08674501329700468,0.012422360248447228,0.006361722145065252,0.04316426236418347,0.02485649463600148,0.06186049864203835,-0.002991041251181801
159,0.007688471448757395,0.028755518202425057,0.07255337818075469,0.05305867665418229,0.0044523597506678225,0.061475695482198,0.022448105829422804,0.05792263489884153,-0.00398115883267984
160,0.007194552695815926,-0.0027464854313768994,0.09156899823295761,-0.013854930725346382,0.008361959862592694,0.03348862421072685,0.0180663938029072,0.04926847035922066,-0.002243044573266125
161,0.0050187173474843805,0.020420207928461664,0.03833842428462897,0.038739669421487544,0.002100746435435563,0.039502772622270754,0.02864167091162506,0.050235457923269555,-0.005101357680259128
162,0.0065671889937237715,0.01211401679928914,0.07746004888528635,0.018430034129692907,0.005797999468885484,0.04252699422873263,0.024659601857510816,0.051980476857962366,-0.0030017383959281344
163,0.007465441568563103,0.030158656824020413,0.09299523986273095,0.05551211884284596,0.004805194805194812,0.07113920576583455,0.02881047151961924,0.0721501862076891,-0.00335387139525168
164,0.006121359023869233,0.022806627472305885,0.06367317137926454,0.04180714767363447,0.003806107270977299,0.05114600469819319,0.023889273993762616,0.056377134138571816,-0.0034436065338237093
165,0.006894509770747015,0.01128813310039567,0.07995004040849307,0.016194331983805654,0.006381934216985852,0.044691438556469176,0.019939366114081314,0.04322432096773787,-0.0018669186557425665
166,0.007618498538071838,0.021038575147156124,0.07347074804336262,0.036670547147846344,0.005406603146465794,0.05194071072146755,0.029287594214308266,0.06101528531781397,-0.004442954457958802
167,0.0065618475435681445,0.008894554895333306,0.07193951938347776,0.011627906976744207,0.006161202813922406,0.03524958130174638,0.02248083846677784,0.047185481769280835,-0.003729500116184198
168,0.007164747784312087,0.028312471589741373,0.0818105583399964,0.052027543993879044,0.004597399185603646,0.06492611056784137,0.030673816546168076,0.07015577664312944,-0.0034705528956854755
169,0.008358725191468297,0.02225623505234442,0.09062762825904125,0.038069340584636235,0.0064431295200526595,0.060211597696531394,0.03403182546099437,0.07008630585461983,-0.0037871937464635796
170,0.007211046011390221,0.019898676951108918,0.07584049350077116,0.034606205250596656,0.00519114865162118,0.050936693098984964,0.03222611945101639,0.06794754351739496,-0.004741550466701286
171,0.0067341458376368735,0.03461263685086702,0.05794789904251341,0.06679035250463827,0.002434921197095874,0.06445574894323125,0.028210917317649242,0.0642117209459413,-0.004459614227543152
172,0.006214247499897185,0.044915712280832354,0.0711030286702139,0.08809523809523806,0.0017361864664264814,0.08364618323124545,0.028152969740061207,0.07616543327500935,-0.003686008994154437
173,0.00475509173539812,0.0075671874711989995,0.07149022540326888,0.010699588477366295,0.004434786465031704,0.03471289064958938,0.01909759577998127,0.04918374838489081,-0.002449972002249827
174,0.006389252948885926,0.03266261506649448,0.07369353182986582,0.06212121212121213,0.0032040180117768324,0.06747968831488327,0.02623675160856931,0.06573012509524978,-0.0033201515464849965
175,0.006326742976066613,0.033172333111915475,0.08982290436835882,0.06243705941591143,0.0039076068079194615,0.074560096825249,0.029550090473537072,0.07823106391653917,-0.0025294281622961247
176,0.0057172113661575485,0.0020368389664605635,0.07241134256023107,-0.002142857142857224,0.00621653507577824,0.028773327275451566,0.01954356436285376,0.038602089283348295,-0.0021447329275433163
177,0.004318922809840364,0.010601247376162415,0.07681548015221534,0.017310252996005304,0.0038922417563194145,0.04451209271888795,0.027099061364054267,0.05157612930655847,-0.001240839308897148
178,0.007095158597662743,0.033442090347900355,0.09243223576496273,0.062383612662942234,0.004500568032858587,0.07572174652034924,0.025661297328138266,0.07326751267831544,-0.0025891125083843183
179,0.007005253940455369,0.02477451254761298,0.08866575353502804,0.044425087108013905,0.005123937987212002,0.06373393021120294,0.027427999508038425,0.0744076923509367,-0.0030066953901361666
180,0.009457833824200401,0.0336685249634564,0.10406699578118217,0.0607255520504732,0.006611497876439443,0.08029504432823675,0.027335516079294853,0.07585706471808851,-0.0031615854251902803
181,0.00656362481473638,0.0027919373311658946,0.08991375689685926,-0.0012531328320801727,0.006837007494412073,0.04625026885769762,0.011030474244075328,0.05133861664431549,-0.0010711049027750524
182,0.008340668091705417,0.011473153370467837,0.09381558733437001,0.015021459227467782,0.007924847513467781,0.04931990015344889,0.025448306869723436,0.06265545789665927,-0.003111200621740022
183,0.008198418284957154,0.018646737425494164,0.10352789498359122,0.030136986301369795,0.007156488549618367,0.06397218424561585,0.024192456563966624,0.06929097754950209,-0.0025245962425094227
184,0.006249218847643956,0.015784969755386236,0.09264520202020199,0.026077097505668945,0.005492842005103582,0.05780863413578674,0.020243325045082194,0.06256256020236534,-0.0016504232216825836
185,0.008439510016797103,0.04291395140201193,0.10700699039598405,0.08088888888888895,0.004939013915134849,0.09260413510673415,0.029435263127755795,0.09424114083389679,-0.003652345765694582
186,0.007139340226489432,0.014863938524898201,0.07283858817433586,0.023890784982935065,0.005837092066861227,0.043577729393468156,0.027130482259874578,0.05174269268779341,-0.003965005133167894
187,0.008303292964478182,0.03809253787052047,0.06342482977996988,0.07291082445316877,0.0032742512878721763,0.06970377266544137,0.02507051790930359,0.06294217837245775,-0.00477445568992757
188,0.008462917413599058,0.021214403564897566,0.08253328608920729,0.0355819125277983,0.0068468946019967225,0.05801923787172969,0.02320075450587855,0.06194155238169896,-0.002743402732251529
189,0.006986435692106552,0.04150384551101316,0.10070996043960834,0.07912957467853615,0.0038781163434902233,0.08874887240984003,0.03323393660571128,0.09834868624196613,-0.0032454510258903557
190,0.008422116477870834,0.02383291666351517,0.09776619733433556,0.04096989966555181,0.00669593366147847,0.06688893471735302,0.020680289300402555,0.07138223791746734,-0.002816548311130696
191,0.006885548744646863,0.00398659153989267,0.07669518688010823,0.0006775067750677266,0.007295676304717613,0.03508828492985061,0.01538671499641342,0.04393057025574487,-0.002520610934409702
192,0.00787168310127384,0.010399114297577783,0.09104029894238852,0.013254786450662803,0.007543442144492873,0.04772318223147409,0.021244862372453266,0.058325132565034354,-0.0029757948036598578
193,0.005106952990916347,0.01969148681076749,0.06467977171845274,0.03602192638997653,0.0033610472315583895,0.04769616095916518,0.025430620756873523,0.06467600432419784,-0.0033090454244738172
194,0.006015599070693711,0.02617813670649627,0.08272946859903385,0.04835766423357668,0.003998609179415857,0.0629896567118774,0.02320313213810754,0.06125843506355677,-0.002335408963315855
195,0.007723474297290478,0.007887649037510491,0.09166250926987118,0.008075370121130465,0.007699927953890517,0.042027255205824066,0.02364076602565368,0.05678006668983693,-0.0033218488989624276
196,0.006338351194695835,0.02020471326248474,0.07387027797576617,0.035893754486719276,0.004515672038250429,0.05143992221782134,0.02550320539427109,0.06013106743292729,-0.003397783866121988
197,0.007400939669868212,0.01686062401717492,0.0958325626306929,0.027272727272727282,0.0064485207616225,0.057694349581845106,0.02219031850464037,0.07044657316307362,-0.002455679598657501
198,0.009360769101028898,0.010693167673584636,0.09157923400657997,0.012226512226512165,0.009159823120656996,0.04793436318137867,0.024610763702452187,0.06058020912686213,-0.0034074729462749073
199,0.00818888473209467,0.02133231025562332,0.10618351849944896,0.03600000000000003,0.006664620511246611,0.06477788182424937,0.030952005963081453,0.07559818337967927,-0.0032754981813586798
200,0.009728834609811665,0.0221158750081758,0.09071632039575961,0.03656413232733602,0.007667617689015693,0.059586883894074516,0.027678194052439875,0.0598413701893582,-0.004034894664515468
201,0.007180210840873169,0.019957425328258505,0.06521043756085287,0.03498056635202673,0.004934284304490166,0.04749461965768631,0.023806819643677146,0.054079946145958124,-0.004408794770273693
202,0.007355399531929097,0.02456799996686243,0.08780650232912601,0.043760129659643376,0.0053758702740812625,0.06311904121462086,0.01770900540043785,0.05938454843554131,-0.0026659554090988496
203,0.006653083288286399,0.015718384551604014,0.07608977526461858,0.025894897182025867,0.005541871921182273,0.04806490416045606,0.025927356918553413,0.0666202058289781,-0.0030946147648318253
204,0.0074129291423364885,0.03375971296203606,0.07624553011588964,0.06360424028268546,0.003915185641386598,0.06935432124359753,0.02624494105226094,0.06801307368303688,-0.003520760472763826
205,0.005969890984599435,0.0017239938688085044,0.08108890819577175,-0.003062787136294043,0.006510774873911052,0.0311990203811926,0.015540063741360854,0.047900225633914495,-0.0025732131468905114
206,0.006009961717367118,0.016376995435182673,0.07231564647918731,0.028009084027252107,0.00474490684311335,0.04668910637123469,0.023716526573574148,0.05466747168871966,-0.002586505852595851
207,0.006130818992854392,0.017637844593163643,0.08096939841439144,0.030274361400189242,0.005001327786137932,0.05313893561910865,0.022411886880827958,0.059072271221761286,-0.002130094400576623
208,0.005915422050679631,0.013613077512878657,0.09568890471668245,0.02191464821222605,0.005311506813531319,0.054957139759345464,0.016095386173923032,0.05241886547729835,-0.0013261509546352718
209,0.00721572530480219,0.023595275944936156,0.09514317662501826,0.041589648798521284,0.005600903091351084,0.06542892895922042,0.024862599748706082,0.07540886392505108,-0.0027052179547909054
210,0.007970674736797245,0.017174152407449572,0.0817557501343037,0.02795573675014562,0.006392568064753523,0.04909658945873052,0.02529266001200825,0.06565273517431913,-0.00497992771092759
211,0.006375571494484311,0.016607246255510688,0.08206619624170242,0.027855153203342642,0.005359339307678734,0.05274618739747361,0.01803014647735024,0.05583811371490399,-0.001979018495585204
212,0.009127662234818423,0.017515652064852283,0.09428765028409447,0.02692307692307694,0.008108227206627627,0.059732017352527755,0.0180193316136118,0.05629332552495536,-0.0025264395207961893
213,0.00606955380577423,0.025829718385535494,0.052639914144417266,0.04891922639362911,0.0027402103774418762,0.05130583018773294,0.031138266335496323,0.05735089912969471,-0.0046222483023268535
214,0.004177696889477112,0.022159800228888193,0.02181371732361881,0.043777668470241005,0.0005419319875354933,0.03716669803626327,0.0272657809646234,0.048243903445833736,-0.005577790239208076
215,0.006748207507380921,0.004253550542024587,0.07720916156982671,0.00142348754448407,0.007083613539565103,0.034351327153361866,0.018498270100459346,0.04744429843805387,-0.002483313696708532
216,0.005055318443624945,0.010694399492690465,0.05072014852452611,0.017281105990783363,0.004107692994597456,0.03108886612806472,0.019710905468124706,0.041687369164298715,-0.0032893378602121826
217,0.006030565881867012,0.025637905824837492,0.07091574194000072,0.047690014903129685,0.0035857967465453555,0.05743216740870216,0.025950576326468466,0.05588850838279291,-0.0030730937448736687
218,0.0076563340644787425,0.01703810836126185,0.11036843515541261,0.02722513089005235,0.006851085832471515,0.0647115988217683,0.025449768178873233,0.0757632058168079,-0.002199372891771984
219,0.008464919420478667,0.0519975327600789,0.09967713647959187,0.1004784688995215,0.003516596620636414,0.10140670600339713,0.03481595834747464,0.10109356632754701,-0.004472174672229476
220,0.008665801481977708,0.0016168579584672216,0.09730184796391383,-0.006274509803921635,0.00950822572085619,0.04238187525323778,0.023008883015438575,0.05505991050299275,-0.002456277849137045
221,0.005826119066179802,0.034414519594551884,0.03224856027615952,0.06847215125191619,0.00035688793718768874,0.05803316526339686,0.03231123783034018,0.059496983641801005,-0.005815504847051449
222,0.00866565362027194,0.02197295180685299,0.09365451098472177,0.03708791208791207,0.006857991525793916,0.061799176075531315,0.02237853549935831,0.06495955089855776,-0.0035075673501788335
223,0.009394964299135666,0.02489866272682495,0.0960143966325322,0.042328042328042326,0.007469283125607684,0.06783352339908988,0.01687795343640064,0.06116664661593452,-0.002728579819081936
224,0.006373117033603659,0.026565648142592213,0.05560439663214789,0.050144092219020164,0.002987204066164373,0.053148524868222635,0.02672711828539187,0.05932560816940857,-0.004953241326991577
225,0.005908976615539352,0.016473750084441074,0.05544997963893039,0.028835063437139485,0.0041124367317426636,0.03984744312492794,0.0199625086838785,0.04582658939932294,-0.0038527277278286795
226,0.0060493827160493785,0.011859667314867428,0.06186860697110019,0.018759770713913437,0.004959563915821419,0.03526167597016605,0.029645844588409465,0.05253807130505117,-0.004812820649922181
227,0.008298928228866909,0.023216754905105663,0.0866970721832725,0.04029062087186264,0.0061428889383485785,0.05994098864233455,0.02389651478992283,0.06545655306509512,-0.003941504656738044
228,0.006417068584975039,0.026874628743702722,0.09871570842034971,0.04914744232698093,0.004601815160424461,0.07019148470489,0.028180113223047365,0.07113128891217102,-0.0023684517597780744
229,0.006127297736651216,0.017384954902890826,0.06726630525178467,0.030199039121482474,0.0045708706842992886,0.04578176430849801,0.02294321479525585,0.053779870641718075,-0.0031336368623305147
230,0.0062307884024258575,0.008145508016251468,0.07214904344889139,0.01034259857789277,0.0059484174546100554,0.035917538776142344,0.02892159660508231,0.05643136161289575,-0.0035224418532607132
231,0.006797583081570968,0.022268690154643278,0.07385863555324856,0.0398899587345255,0.004647421574760946,0.054051921407717196,0.018945443814377017,0.05366679107538053,-0.003226005129436861
232,0.006846455706771226,0.023206273252698528,0.08394067097797442,0.041635687732342,0.004776858773055004,0.05874652797638158,0.027151966491614887,0.06727557529923034,-0.003587876215829868
233,0.0051568002683213265,0.008226824166877256,0.06318710527994553,0.011749347258485643,0.0047043010752688685,0.03222509860831835,0.027144776430182316,0.051496597547469714,-0.003454592837223422
234,0.006491302503182084,0.017286903988635638,0.0850834345088517,0.02941176470588236,0.005162043271388805,0.051693016895891675,0.019430187273287713,0.059074443516455855,-0.0030879081867610826
235,0.007745122665996806,0.019274752343960033,0.08382300145562305,0.03247183565275019,0.006077669035170041,0.05362677795704285,0.021666429303993207,0.06009554510224702,-0.0035737362970610156
236,0.006502438414405454,0.0406525648133198,0.10630915527379908,0.07745664739884389,0.0038484822277955466,0.09013941674586967,0.03474826772058981,0.10532577955429351,-0.002664033990267243
237,0.006745783885071743,0.019081239060127264,0.07690262306863094,0.03322475570032568,0.004937722419928847,0.05028136479734613,0.020764704348128493,0.04966500596436807,-0.0033705167551071544
238,0.0069464664531425635,0.013346332185476872,0.09223788454839876,0.020532319391635023,0.0061603449793188325,0.04871647273275492,0.02964161582402236,0.0730667183287168,-0.003545624460603636
239,0.006516538810525385,0.02432911594093423,0.06601637265075522,0.04485981308411219,0.00379841879775622,0.05361432909404462,0.025478011728784056,0.058993351789282666,-0.004053307190252875
240,0.00678936605316971,0.025255622188905535,0.07321511321468877,0.046206896551724164,0.004304347826086907,0.057620656900818745,0.030007031484257873,0.06973582278241741,-0.0038366704322660636
241,0.006485524140562027,0.004273530956007576,0.09387621662573042,0.0018365472910927272,0.006710514620922647,0.03995299236650374,0.019013961334240048,0.045679426370507814,-0.0017136421910802953
242,0.005643153526970979,0.02276946162941429,0.07045424334727657,0.041984732824427495,0.0035541904344010833,0.053615140068425715,0.022480782049177916,0.06334224478256867,-0.0034713050106366175
243,0.007866066546081685,0.019580738434381018,0.08080479405623797,0.032822757111597434,0.0063387197571646015,0.05460626676719682,0.017672841808239692,0.05403525903480455,-0.0026461212490834427
244,0.006263399049981078,0.021700381799820256,0.07693303527472561,0.039201710620099806,0.004199052979540818,0.05380934854619068,0.023290715565979392,0.05177480456885519,-0.0030893743218531125
245,0.007414195268243939,0.02873697046987367,0.07733599850571915,0.052671755725190894,0.0048021852145563315,0.06402631364727918,0.021283292269756338,0.059913303635279136,-0.002838031141598675
246,0.0038836590822745043,0.021788517073294544,0.030526707292650057,0.04257907542579076,0.000997958720798331,0.04012768327019767,0.02352066581351242,0.04581278957773782,-0.004318622866434189
247,0.005865473879652194,0.013563479555743219,0.0628171350507416,0.022538552787663035,0.004588406323823402,0.03831319431235336,0.024224277321827414,0.05156853439396414,-0.00411104835233838
248,0.004590053480439615,0.014328732923611254,0.05115939196710029,0.02550686723348594,0.003150598613736566,0.03571855136781232,0.02521387009902054,0.05797800241181017,-0.0040976815177461295
249,0.00644837115819441,0.040110641671094016,0.07765521349470661,0.07744680851063829,0.002774474831549689,0.07830524077767792,0.02397506064771482,0.0746671807723257,-0.0031331048962845165
250,0.006958417169684816,0.02725125810102147,0.08475857371541551,0.04974271012006859,0.00475980608197446,0.06522379943339063,0.025690887772928717,0.06198721520710715,-0.00259109237304506
251,0.0052955665024631005,0.023898552692198316,0.06486732698876385,0.044718581341557484,0.003078524042839259,0.05318574614142768,0.026973867397040663,0.0663671026588607,-0.0033878305815560478
252,0.005254378648874014,0.02053615187307667,0.05044035228182553,0.03825136612021862,0.0028209376259347163,0.04350828729281775,0.02603293075820301,0.052159033086503825,-0.0040685694848244455
253,0.006718924972004547,0.013740431349210103,0.06912893014625454,0.021939953810623525,0.0055409088877965695,0.04073441320189097,0.024467363982668022,0.05250600902961222,-0.004052578044420906
254,0.008874748827863321,0.006011336447833804,0.100157678965626,0.0027510316368638543,0.009271641258803642,0.044427142938312625,0.025074070245362234,0.06076462849140596,-0.0033031206813570746
255,0.006855076120783843,0.02954587122673391,0.1047459816389722,0.05434782608695654,0.0047439163665113915,0.07499910055765424,0.024504049447567455,0.08687092696226562,-0.0029343253784468067
256,0.006416708605938681,0.001832830148710718,0.08567222066571079,-0.0033967391304348116,0.007062399427856247,0.03268465157715972,0.026468374554955987,0.058780620667215566,-0.0035649171948139435
257,0.009413202933985398,0.03342400228114095,0.06727231059114214,0.062350119904076684,0.00449788465820522,0.06520130283647751,0.027528427491807506,0.06259668307015154,-0.006259640909724654
258,0.006384546124253099,0.04028074782087965,0.05225628012415051,0.07903331156107124,0.0015281840806881108,0.07038765199727104,0.02719745584229616,0.06539830863000429,-0.004578737951377941
259,0.00623092573753814,0.003630820929897416,0.07389698402015865,0.0006150061500614923,0.0066466357097332285,0.030453750136250846,0.018309774056495032,0.049810839013928465,-0.0035081865984936955
260,0.007278377494275401,0.03253560750686313,0.08098728973421632,0.06107954545454547,0.003991669559180844,0.06967079592377923,0.031138557057800442,0.0742822951333112,-0.00394060341448229
261,0.005305372211546477,0.014722219940998316,0.04683703989137222,0.026026026026025995,0.0034184138559707478,0.034128014056970524,0.021025332533992414,0.04627480580995047,-0.005144073616234264
262,0.006888440860215006,0.01390066334488893,0.11354924490671547,0.021538461538461562,0.006262865151316133,0.05893030101966884,0.019855607100384254,0.07790979691588118,-0.002549682153479702
263,0.006328593737157884,0.01744640558732302,0.0672856623105893,0.030120481927710774,0.004772329246935159,0.04606800214184903,0.024966093211140072,0.05056243632977586,-0.002947260286475059
264,0.005058528428093734,0.02838344302128959,0.07321967302944354,0.05430242272347535,0.0024644633191039933,0.0625140523918235,0.026470627271577785,0.0742641851125817,-0.0038436431733566735
265,0.006628552489850059,0.017400788111868515,0.08304467733039161,0.029106029106029108,0.005695547117707922,0.0564170989910347,0.01963542829093401,0.058265873724037576,-0.0015158930121578415
266,0.007505079404569348,0.013933103612576603,0.07546450166179475,0.021403091557669396,0.00646311566748381,0.044091906162555206,0.02904325006022157,0.061155761138354525,-0.004113700084150518
267,0.005897047381137721,0.02670916712375071,0.056832258064516195,0.05049180327868852,0.0029265309688127905,0.05356922926543184,0.029577998101013137,0.06147706063412184,-0.003678991907979816
268,0.004776269482151818,0.011104945057071713,0.051237070424741904,0.018617021276595702,0.0035928688375477247,0.030412794767990525,0.02363014013446396,0.045882421795389594,-0.004769474545652394
269,0.005555555555555536,0.023725695151313397,0.03511965455999,0.04565112926477655,0.0018002610378504702,0.042557964057265085,0.028315203734334826,0.05102620713020867,-0.005455586095307913
270,0.005849408836340997,0.02584715912296931,0.04258361153232293,0.04957805907172996,0.0021162591742086567,0.04805000214050259,0.0231880136402679,0.05116540000288761,-0.005117925966299508
271,0.006734710951225575,0.01809733207113129,0.07495523092513501,0.030769230769230826,0.005425433373031585,0.051138980534535694,0.02050519515470095,0.05451230689167075,-0.0021629403485583718
272,0.00730877473012137,0.013689635797844879,0.08953703703703708,0.020849420849420874,0.006529850746268662,0.05096677565657637,0.020334706088970478,0.06531756580382664,-0.0031253654381572897
273,0.005857740585774152,0.02413997499846432,0.07917571025555126,0.044088176352705344,0.0041917736442231845,0.06009426897493503,0.028496167953757534,0.07444729640125991,-0.0023070261216824282
274,0.0055496716797288626,0.009218317457796443,0.06314820827961887,0.01350557839107458,0.004931056524518418,0.03212067741731006,0.02935617277261271,0.048699834055865976,-0.00369634615226469
275,0.009345794392523366,0.00721810963796532,0.10206073937657728,0.004842615012106477,0.009593604263824163,0.05126678119233952,0.018294789394282418,0.04969663082188225,-0.0020554258486839005
276,0.006532684225856067,0.008833497231521159,0.07517695053182627,0.011479591836734637,0.006187402626307681,0.037757387893070815,0.027605058549126205,0.0572049235413451,-0.0036656777326037893
277,0.007435254803675906,0.01554786049626955,0.06882932751344228,0.025160599571734554,0.0059351214208046565,0.0429464827525492,0.0272924196691694,0.05335032688540309,-0.004395488107841503
278,0.006544558242318699,-0.0001593458728469388,0.06679103311762191,-0.008196721311475419,0.007878029565781541,0.02318460155404778,0.017981951468451052,0.042186705196814334,-0.0037186537583441814
279,0.006312030231302668,0.013436654745089371,0.07002046648130988,0.02169981916817365,0.005173490322005092,0.04048549332395435,0.027885323599072254,0.059827766007308214,-0.004207819693481267
280,0.00855501170461792,-0.002414811768074898,0.09641267182692015,-0.014592274678111528,0.00976265114196151,0.038306794791450105,0.018844200050356585,0.03838368541140047,-0.0015012831330169923
281,0.009448437373818952,0.04251078910664852,0.06975917883932103,0.08152461619904716,0.0034969620142500935,0.07773091616187511,0.042612953527591646,0.07621811398540557,-0.005712214514363739
282,0.007745737739423331,0.00451038051983399,0.0929645239078013,0.0009661835748792091,0.00805457746478877,0.04758775536323867,0.013693121895624882,0.04614888978695186,-0.0014886675572476464
283,0.007894849144368998,0.008345952761723008,0.08853936718175137,0.008861622358554921,0.007830283164891205,0.043375947433322404,0.020105714594799484,0.05174212642353426,-0.002952873887124813
284,0.007702877128700436,0.042013408362960636,0.07687103757538272,0.0809289232934553,0.0030978934324659146,0.08031269517476047,0.02344051415500914,0.07142673065469984,-0.0038548983837849507
285,0.0066853298792461935,0.01081566054166272,0.08783080505356167,0.015340364333652934,0.006290956749672394,0.04843359600230629,0.02990765790954031,0.05634065082456219,-0.001942661814662329
286,0.005753976408696682,0.03430671972350452,0.07658643326039383,0.06560449859418926,0.0030089408528197747,0.07067137809187285,0.023835996327231213,0.06997589059282472,-0.0024767042630815944
287,0.006020010174665136,-0.0023729684040518784,0.09645705172020957,-0.011506276150627603,0.006760339342523847,0.03547339185637055,0.014908792637817303,0.041784474857136766,-0.001377054265736033
288,0.007686051240341607,0.029340835716262337,0.07654265482746991,0.05392491467576788,0.004756756756756686,0.06403820507780711,0.024823628816529775,0.06487153067928608,-0.003444231263292366
289,0.006994807535510406,0.0017368351823632278,0.08079504865430776,-0.004474272930648726,0.007947943295375293,0.02921672975987999,0.0156659601204302,0.04834927817451218,-0.004083205048122179
290,0.00660491006521835,0.014685960918321528,0.09181574776430079,0.02364864864864863,0.00572327318799426,0.051875210118006554,0.02610129024563901,0.06211922453476648,-0.0026134382237355917
291,0.007014028056112176,0.020574482297929242,0.06894090949637766,0.03607214428857719,0.005076820307281182,0.05070832031197092,0.019746254179850875,0.054447203465694316,-0.003175987028647076
292,0.005788772280526433,0.018965767225382235,0.06916796235845757,0.034022681787858555,0.0039088526629058595,0.04748456840514248,0.03199533042757263,0.06393643074403743,-0.004046291517946235
293,0.008439886905515448,0.015030607301713128,0.11219905213270137,0.022222222222222254,0.007838992381204002,0.06382841141366596,0.026193053092247176,0.07317248452997299,-0.0024350674220942337
294,0.008341633466135479,0.00407882323368014,0.09361360289195342,-0.0007304601899196239,0.008888106657279904,0.042267644619718214,0.021691167525566102,0.0626593092434713,-0.0029916603836913913
295,0.0067349926793557335,0.018187856840385708,0.0754280788652294,0.031136857349746583,0.005238856331024611,0.05010531287673037,0.023067630427455743,0.06450619493841303,-0.003285824141863347
296,0.005060855744698611,0.016356149275792653,0.07183384891144107,0.028962188254223586,0.0037501102973617195,0.04573326583278792,0.02221124434661681,0.062066932595063906,-0.0031697955343309506
297,0.007019303083479533,0.029110711964343672,0.09903181751257817,0.053406998158379404,0.004814425770308106,0.072388090349076,0.025762719337274476,0.0774568778086735,-0.002884858445399298
298,0.004922269166085513,0.03814111392382924,0.07175265426115296,0.07419017763845354,0.0020920502092049986,0.07365877976761132,0.028693271881226723,0.07713012079011816,-0.0024109235454823595
299,0.005439824576199737,0.006361722105823753,0.07986012200033399,0.00738916256157629,0.005334281650071104,0.03717894265153532,0.019141662403912907,0.057909733796748464,-0.0028548512076307132
300,0.008637354501706884,0.028087412695926295,0.06821265155478606,0.05125576627370576,0.004919059118146829,0.05859362367882193,0.027235671226142233,0.0627901370321563,-0.00552813810076367
301,0.006065595078202923,0.008258807601746798,0.10770499917505355,0.01062573789846516,0.00589187730502827,0.05015682651028014,0.01125405011141034,0.06404028252989641,-0.0015863927260272373
302,0.007942778724996935,0.02932225884930928,0.10436122908373158,0.052732502396931946,0.005912015301686724,0.07626569516378257,0.02389477723078881,0.08514449910034316,-0.0027801864118161095
303,0.005990220048899819,0.023690511432591488,0.06732487149964428,0.043664996420901936,0.003716026444281151,0.053690115567792684,0.023000905236686076,0.05181985907270348,-0.0027947683590896985
304,0.006682557248659182,0.010537361834292547,0.07460208303945082,0.015000000000000013,0.00607472366858508,0.039181368320266974,0.023251076208093635,0.05357564300060713,-0.0037048168385295163
305,0.006562447751212175,0.023533472943916944,0.06344799598959205,0.04312499999999997,0.003941945887833809,0.051734295849625966,0.028853798042465573,0.0634353136176572,-0.004489704059079454
306,0.008609433654316878,0.0459542220933733,0.0893327490162239,0.08797653958944279,0.003931904597303859,0.08916391185747569,0.03788590469664366,0.09366353653656534,-0.004475394109317431
307,0.007328420272551428,0.04312480015795017,0.07584611284544385,0.08320493066255774,0.003044669653342602,0.08042731535407555,0.023634390599282407,0.07551827263283994,-0.0031789199134686155
308,0.00639534883720938,0.019680091897929297,0.08243167885594693,0.03453689167974883,0.0048232921161097675,0.05404528494287242,0.029695805628830785,0.06508192555856296,-0.003078090648548134
309,0.005802707930367523,0.007714245101298256,0.0675533916544957,0.00992555831265507,0.0055029318899413315,0.03290079853033978,0.02425126000194755,0.0511385338370105,-0.003544204161898469
310,0.0058486967577877635,0.010011513588320642,0.07540066956335922,0.014657980456026065,0.005365046720615108,0.0407827501661282,0.018977123405831908,0.053804977326371684,-0.002475643528025248
311,0.008857249286039481,0.028026903579497886,0.10457904513234012,0.04934210526315791,0.006711701895837807,0.0734782589383054,0.02623819402231875,0.07098277785226648,-0.002832833187504158
312,0.007131373923080053,0.04124188269934925,0.0951780549185719,0.07914262159934049,0.003341143799357793,0.08676634912432202,0.03289723288288471,0.08184221961099919,-0.003649981684684993
313,0.006171049906813053,0.022397899458302617,0.07254877432543871,0.040632054176072185,0.0041637447405329375,0.0541018834961835,0.025192098504923544,0.0642808809737575,-0.0032426899723912647
314,0.006196357546577436,0.02213976287676278,0.08402179983438285,0.039752650176678506,0.004526875576846945,0.05829496850554572,0.015829272076729906,0.051353141270216285,-0.0019736411855700957
315,0.006207557388659746,0.009829671186701305,0.07805258021177458,0.013812154696132561,0.005847187677270105,0.04301251302618969,0.020042139417198568,0.043057626297628604,-0.0013988584110682066
316,0.005149772551712339,0.010371174215681012,0.061488494990641906,0.016414141414141437,0.004328207017220698,0.03354617481508282,0.018886779667008025,0.04815920865354861,-0.0038422672302857383
317,0.006570192947438436,0.024090282978495803,0.09713997141075237,0.043269230769230727,0.004911335187760768,0.06550327678462642,0.028733400422595645,0.06443810303011932,-0.002189749125066181
318,0.0077319587628866815,-0.005363646211424267,0.09641298197397141,-0.019774011299435068,0.00904671887658648,0.034459031474806556,0.01796383685781644,0.04532620110292512,-0.0015665611102951421
319,0.0074430273886682,0.019129499672952632,0.09051461609971173,0.03202846975088963,0.006230529595015577,0.05840074410214491,0.027019449208192325,0.07129230511739598,-0.0025189155715173266
320,0.007051640366341316,0.03007605445387651,0.10411180277368082,0.05521472392638038,0.004937384981372639,0.07597067267232188,0.024934390791038097,0.08707568479418032,-0.002846472358436977
321,0.006371548744430133,0.017895663658375582,0.07955477628687724,0.03081664098613257,0.004974686330618483,0.05105853051058529,0.029760579187337433,0.07184010669834673,-0.003446273191702577
322,0.008120362737015663,0.03531772201143435,0.07180422364250338,0.06678809957498477,0.003847344447883927,0.06958971614697107,0.028863178707349335,0.06571337960407264,-0.004731698763168722
323,0.007665677546983218,0.028221871747241667,0.05797410752081278,0.052891744933267426,0.0035519985612157967,0.055877134766568304,0.028497055677522587,0.05259963252514632,-0.0052403672728684875
324,0.00764187580907838,0.010512976508440519,0.08352128689292787,0.013673655423883324,0.007352297592997714,0.04993151160313902,0.014381234678225385,0.04869180342312229,-0.0015248457405184768
325,0.005758319925480482,0.008634193253066691,0.06595397727780872,0.011957205789804859,0.005311180716328523,0.03384520571520322,0.02204945760467203,0.050964888588234336,-0.0035646518752458847
326,0.005267778753292318,0.020070646631327627,0.06658988313034775,0.03641207815275316,0.0037292151099020954,0.0498365316275764,0.013129069806496196,0.04914575945967237,-0.0017520758108993464
327,0.00805307518985221,0.005326001860609608,0.09652013477799382,0.0022590361445782303,0.008392967576640986,0.04411048018431285,0.023258918259840278,0.062122816240098966,-0.0029292866912437945
328,0.005111157282360335,0.007229622552373249,0.060118374675799724,0.009685230024213065,0.004774015080533545,0.02970621401433915,0.02212431517552571,0.039074816929444034,-0.0030336185986518938
329,0.003828866322623581,0.039180822730073284,0.07434261879207726,0.0771971496437055,0.001164495816440958,0.07903833627059575,0.03375882796830676,0.0910806261770678,-0.0026185474945174397
330,0.005595288178376179,0.023283559424984723,0.06805719608577498,0.04318181818181821,0.0033853006681514586,0.05334574696276828,0.02283098805426209,0.06221152626805193,-0.003465896460310078
331,0.005659574468085182,0.01128012553254032,0.0833352828790892,0.017441860465116255,0.00511839059996444,0.04534142181092632,0.01530285794922115,0.05300356701733566,-0.0018832406033789002
332,0.005227876386019625,0.009988556588253705,0.059801910308164064,0.015531660692951088,0.0044454524835563225,0.03239294627067946,0.01712811553862481,0.04170541669918304,-0.0035320626434146574
333,0.00594942984630642,0.022811798949207818,0.049918872325321995,0.0427578834847675,0.002865714413647913,0.04632329960935955,0.026079331783863458,0.05122514477890783,-0.004743564273416032
334,0.008642645401027105,0.0128225314121454,0.08490338751786652,0.017517136329017524,0.008127926495273385,0.05118887516846926,0.015926166512143625,0.04972838526628409,-0.002117608931681489
335,0.004485071120413409,0.01683365013201732,0.05146068267405357,0.03097643097643099,0.0026908692876037588,0.03900301597657396,0.022294503919059072,0.05418124192541918,-0.0040429174531051715
336,0.006409732995835693,0.03565846585512733,0.059439075921307816,0.06901128069011281,0.002305651020141797,0.06636293365566215,0.02780298284056526,0.0653005349602539,-0.0041227088305009485
337,0.006137061029662383,0.004568060648751038,0.0778133948118147,0.002779708130646319,0.006356413166855757,0.03315959295110449,0.014938833011637231,0.045632555216568615,-0.0027361499834567954
338,0.00636030495766815,0.016990859112796852,0.07139708481483786,0.029283489096573134,0.004698229129020515,0.04531599376811757,0.032977841876949854,0.0621477635517953,-0.004246290220987152
339,0.0075704005657002416,0.01900593103462256,0.05569608008627713,0.03309796999117387,0.004913892078071136,0.04227956106281572,0.022632749079640746,0.04640503751045577,-0.005529899116497906
340,0.0055248618784530246,0.03634246837682609,0.0743155752867185,0.07007575757575751,0.002609179177894716,0.07233871866529568,0.02850184768252262,0.06773775523468129,-0.00234834483661751
341,0.006851342778600111,0.0093558415023276,0.07852469856634348,0.012195121951219523,0.006516561053435788,0.040433557306867596,0.024498117119105434,0.050945198828871274,-0.002647746940450592
342,0.0058306643672497716,0.02737190522359778,0.0639260780219717,0.0517363571934798,0.003007453253715653,0.05720760553648563,0.029885823409835366,0.06214577320191261,-0.003510605653857607
343,0.005859294408912752,0.019230287455458628,0.044583498213134454,0.035389765662362516,0.003070809248554962,0.039495289949010415,0.02656962263264262,0.049574060409440235,-0.0054199520573026405
344,0.005371380612673171,0.013209380044874042,0.061066173720708994,0.022277227722772297,0.004141532366975786,0.037103388347607735,0.024712500679706872,0.05114933531191834,-0.0037999743437961073
345,0.008136901266672325,0.011765552743857821,0.09802260322620732,0.01575532900834109,0.007775776479374441,0.05569655503033244,0.01871337960155728,0.06213049372842805,-0.002165841426951927
346,0.006675288914848365,0.038065759299681146,0.08083112822381722,0.07296849087893859,0.003163027720423539,0.0769371881961518,0.028439036786079508,0.08367587229013868,-0.003562868492998344
347,0.008604997517789204,0.024692566019741458,0.08964326478823292,0.04258804258804261,0.006797089451440086,0.066025687560327,0.017703599639027234,0.05587776432744318,-0.0021920728588989934
348,0.008356783491088926,0.004119602375914799,0.09214563274945409,-0.0007027406886859211,0.00894194544051563,0.04143186807488197,0.02150815213967483,0.051022809051954665,-0.002782633949693969
349,0.0064979774507272214,-0.0053021776100546925,0.09129495292483414,-0.018200202224469164,0.007595847004359779,0.03283095944878678,0.01301252516501239,0.041673472515994514,-0.0013764537509588712
350,0.0070631970260223165,0.03748940980046389,0.08910051236907668,0.07111882046834345,0.0038599991325843908,0.07914941994988112,0.027540857020842857,0.0878117907899073,-0.0035958493682902194
351,0.00463407506366631,0.025842234770981465,0.04049801591882918,0.05034182722187697,0.0013426423200859627,0.04885246169427293,0.03345859376755844,0.06429131032693503,-0.004945448762102435
352,0.00393500888550391,0.01721004718309882,0.06307997734790272,0.03180542563143124,0.0026146687347662345,0.04379809573496807,0.014926798105545536,0.04269313358275595,-0.0018847662010945884
353,0.008246402506906336,0.013810697849831022,0.10561756384916482,0.019905213270142164,0.007716182429519769,0.061074655985062454,0.020986365469485957,0.069777940204933,-0.0024542287411060265
354,0.008414913559675052,0.0028743347060073976,0.09257959513996061,-0.0031446540880503138,0.008893323500065109,0.049613168074524316,0.01407941300881732,0.05431421653668633,-0.0012722468849269766
355,0.00472684681669866,0.0112850745037274,0.062431859950783486,0.01867064973861099,0.003899499268843809,0.036243368724156455,0.02086605405998221,0.050973975685783435,-0.0028631353080486796
356,0.008368901163277265,0.0202323127645756,0.07831611184581022,0.03402985074626863,0.0064347747828825685,0.05305777133188305,0.023338453303388018,0.05599765063574169,-0.0038605492262294844
357,0.005736057611790302,0.0127383910284391,0.07746603387306905,0.020569620253164556,0.004907161803713533,0.04385529554138401,0.02167772233041232,0.05755444289890699,-0.0027705209519349704
358,0.005562704969072962,0.011760989991358217,0.047906314851947185,0.019360648356596122,0.004161331626120424,0.030179726815240837,0.029075593506188824,0.04561832728510329,-0.005577806536940684
359,0.0061664528411207176,0.020506249366745388,0.05427698513690837,0.03734671125975475,0.0036657874737360263,0.044460644363845114,0.02553913176047462,0.05737058626431879,-0.004472646629633786
360,0.006526041008799721,0.023571469307537174,0.0575689232591885,0.04355300859598854,0.0035899300190856964,0.04959861944216315,0.029990414179826397,0.06221760306492774,-0.004956713876684352
361,0.0076277325606169954,0.010207125369125936,0.09191126780409664,0.01314878892733562,0.007265461810916363,0.04505701866619316,0.02218596125485084,0.05769336639530953,-0.003320849491457334
362,0.005221712216279983,0.021581372992183656,0.07648069187670459,0.039548022598870025,0.003614723385497065,0.05467796491962196,0.01885692321805188,0.059169035236633416,-0.0021738330152084283
363,0.006895975258076614,0.008515324471737973,0.07861540849588655,0.010391198044009786,0.006639450899466159,0.037670938884477145,0.02831957737501689,0.05237835876980379,-0.0034882651727694003
364,0.008885198256176063,0.02284744539577732,0.10169120183477676,0.038461538461538436,0.007233352330016207,0.06660630216430174,0.018040264938691375,0.06191525064328174,-0.0026986632864520743
365,0.005427242308006175,0.03966151539158702,0.03663225864670694,0.07893061744112034,0.00039241334205364353,0.0671588069987038,0.03357867840326423,0.07140355917826902,-0.005346208178203596
366,0.006749299600984804,0.01932683797024648,0.07747756922267834,0.033676975945017174,0.004976699995475786,0.05116363135912827,0.01647858285474768,0.05692529138480573,-0.0036407531881777824
367,0.008252345844504072,0.03577052037636075,0.09476037696954964,0.06666666666666671,0.004874374086054845,0.07869641215431977,0.029449980110312524,0.07335767597964316,-0.0035850010272308747
368,0.007855061446851663,0.01203222145286953,0.08829292260196175,0.016783216783216703,0.007281226122522466,0.04737146468757103,0.02130002228433603,0.05516246283013104,-0.003001424548659426
369,0.0070150678676683675,0.02952501829066745,0.09194512650795339,0.05446808510638296,0.004581951474951995,0.07003144051497145,0.029126318877825796,0.07385985845664711,-0.0029449868059199837
370,0.007738753295348233,0.009242259199594538,0.09812547484185907,0.010958904109589052,0.007525614289600191,0.04476960770825478,0.025548212247412216,0.061837684696906425,-0.00350546604991845
371,0.0052896830355283475,0.011027863251730885,0.04921195141477841,0.017919362867098054,0.004136363636363605,0.03011645503905569,0.02568022308701745,0.04502022837611763,-0.004655654932815813
372,0.004412014254199903,0.005450940727981135,0.0748254073827736,0.006561679790026254,0.004340201665935961,0.03909275275657492,0.01549971751119894,0.05232355729795257,-0.0011587865394564086
373,0.006167473819280622,0.013911546315683254,0.05273092065414897,0.023288973384030465,0.004534119247336155,0.03485489469763858,0.026563215190506084,0.04909886792063456,-0.005139969079136865
374,0.00662807282490141,0.011508949564542958,0.09278658699264875,0.016869728209934487,0.006148170919151541,0.05114387804821452,0.02232189802901674,0.06719783973762439,-0.0024508627350799533
375,0.005284965330627389,0.014606983103726878,0.05850763911061596,0.025324675324675305,0.003889290882778562,0.03856508393778835,0.021752380443362584,0.05128257054779317,-0.003658734066917156
376,0.004672510750909686,0.01609199651687121,0.04740851868268414,0.02934131736526946,0.0028426756684729604,0.03659351104983455,0.02489108573294918,0.05097313212679,-0.00410919980939254
377,0.006697556866048893,0.018484465354275836,0.08900475830479837,0.0314523589269195,0.005516571781632007,0.05669302038894797,0.01922185902324769,0.06792814148924542,-0.0024513433027153024
378,0.006611435334448745,0.028059828381380214,0.04871616932685641,0.0535064935064935,0.002613163256267148,0.0527130891457267,0.025915527470138255,0.05162004133078535,-0.005063467764036329
379,0.010378912685337749,0.02258480805148555,0.09270949097027592,0.036934950385887455,0.008234665717083645,0.06083534374110222,0.027598987999113866,0.06025619230003232,-0.004444629352104788
380,0.006436781609195363,0.02652054476973198,0.079860917805744,0.04889975550122255,0.004141334038241351,0.06199529527420822,0.03437526637813981,0.0836788861281621,-0.0037301368271338425
381,0.007622015412473204,0.021308158095953766,0.08822832614547282,0.03676470588235292,0.005851610309554611,0.05830626029818353,0.027010554970190004,0.06867522617757993,-0.0034971317439873723
382,0.006460602989612374,0.01822598513066609,0.09973746390128646,0.030927835051546393,0.005524135209785674,0.06350222509509484,0.017202871578043677,0.06282234742962411,-0.0017976102159935094
383,0.006125834857701906,0.009875688572664298,0.09084252462539633,0.013948497854077258,0.00580287929125145,0.048737424243716854,0.022107780930517684,0.06817279654184205,-0.002095757172155068
384,0.005936319481921193,0.017703320479578344,0.04243136504154965,0.0321572130415364,0.0032494279176201735,0.03658763258694009,0.022601541428575733,0.04023434139283644,-0.005247815619894333
385,0.006875477463712754,0.0437733028170505,0.05859420003620863,0.08591731266149866,0.0016292929726021699,0.07670500771718303,0.034564725840380506,0.07575948279267974,-0.004648051661098308
386,0.007558042425254818,0.0215878378486134,0.07803814305611168,0.037686809616634176,0.005488866080592625,0.05458981496808468,0.023248601353576426,0.05957856995979771,-0.0037307440424823243
387,0.005751288714693437,0.0002654658190726078,0.060228211627304074,-0.0065502183406113135,0.00708114997875664,0.019108149693871646,0.01725491748244201,0.037867430469839536,-0.0049481434589325815
388,0.0070407690037522785,0.013243802254937709,0.06054306504359808,0.020793950850661713,0.005693653659213926,0.03653668052022374,0.023056564992592343,0.04598633376876138,-0.005018718621677021
389,0.0076066173414248706,0.031069445275736296,0.09471333025515749,0.05706984667802384,0.005069043873448753,0.07352364566325487,0.024911545586406292,0.07463215198545903,-0.003078207970294393
390,0.008089430894308913,0.04199268585706917,0.09084921489569509,0.07974481658692179,0.00424055512721655,0.08493628446045765,0.03624160418179012,0.08352490169992283,-0.0034887452362776933
391,0.007060465498132329,0.019446142212923734,0.066328182378675,0.033858727378867526,0.005033557046979942,0.04754485731349478,0.030569227918819664,0.0657599281973319,-0.004446046130175553
392,0.005120519545397828,0.010094845038285172,0.07576020889180457,0.01559792027729634,0.004591769799274004,0.04050910024975285,0.02425007345997987,0.06511716043689342,-0.002849493036781503
393,0.005673093328783518,0.016739532836107296,0.09449236766437019,0.028806584362139898,0.004672481310074805,0.055442058425227314,0.016405189008873666,0.05511889718753449,-0.001935795245518939
394,0.006083840320026623,0.009471238526026271,0.06799861200085411,0.013342228152101399,0.0056002488999511435,0.0366734139174405,0.015880581276149552,0.04065573907118658,-0.0025683967071318675
395,0.00561370926895155,0.0037500372856077435,0.07881213825931732,0.001677852348993314,0.005822222222222173,0.03499036546790402,0.021161092468307108,0.05106241012558277,-0.002295507264444996
396,0.006891303428740447,0.01724623919568591,0.07325502741790269,0.029268292682926855,0.005224185708444962,0.046719624913528435,0.029504849130170152,0.06547667445017813,-0.004628924609530197
397,0.008605365223012251,0.03775101524725122,0.05898033523607493,0.07247106190236535,0.003030968592137029,0.06788562060422709,0.032020885591619086,0.06333379130612216,-0.005289394220088554
398,0.006883317341788042,0.03854263353632548,0.08140532241555787,0.07395751376868609,0.003127753303964753,0.07796234746948605,0.028316251728667696,0.0771116816855909,-0.0035372322633414263
399,0.007363647709780707,0.0194073490549187,0.08406181300918136,0.03310344827586209,0.005711249833975307,0.0539496869710272,0.023138011947671955,0.060109321700773655,-0.0034191237279749334
400,0.005705109242276962,0.01634492178641378,0.0854796834039121,0.028079710144927494,0.004610133427900176,0.05127103656453358,0.013644916454180311,0.05595841037776261,-0.002334254403856567
401,0.008218046665290024,0.028632092760841887,0.08013984674102925,0.05209656925031764,0.005167616271366082,0.06404497264973907,0.02964180364113267,0.0729813465061363,-0.004382510208719138
402,0.0067694622038360075,0.03369236332019854,0.08387793731831217,0.06351931330472105,0.0038654133356760267,0.07247473293087531,0.029868122744594383,0.08069040772126085,-0.003215425629281548
403,0.0086700474398822,0.03162924655792976,0.09321203057494187,0.05769230769230771,0.005566185423551917,0.07273911172513758,0.02649445484068902,0.07351322145185102,-0.004034567946670002
404,0.006808054134345598,0.02051042392531388,0.05875961629958204,0.03688731682668012,0.004133531023947534,0.04565887047716055,0.02640481718873977,0.051488632285606406,-0.005048672405841448
405,0.006202704379109303,0.02471728568342746,0.07040307163268655,0.04561911658218687,0.0038154547846679376,0.05603779571977574,0.026252905645369196,0.060147701342450066,-0.0032981851637051765
406,0.005837316526373648,0.0040481142652865065,0.08313788154750867,0.0019986675549633626,0.0060975609756097615,0.03251845136573395,0.024097033775134502,0.05502469455979597,-0.00357274920776849
407,0.008634646519158129,0.01793246459757125,0.09445055076123032,0.028625954198473247,0.007238974996669256,0.05538678614876491,0.023095527145393535,0.06291897112942957,-0.0039059239240526733
408,0.004378997982226407,0.00313222698178528,0.06964440355055213,0.0017497812773403787,0.004514672686230181,0.02945508100147276,0.01502380768995304,0.042487102813867916,-0.0020207338410629105
409,0.007597418511559595,0.02432148137269241,0.07108894323860326,0.043533123028391185,0.005109839716993525,0.05574545406471754,0.02881031209714502,0.0599092312882179,-0.00359232299762062
410,0.005835521653953513,0.013685026387503796,0.04651726546186363,0.023287671232876672,0.0040823815421310305,0.032470579307815384,0.020249374845400014,0.0406558220264126,-0.004950699970020227
411,0.007589000213174213,0.014353510502023159,0.09378666644938399,0.021818181818181792,0.00688883918586447,0.054145576388393846,0.022802464366320163,0.061968013683819656,-0.00227367242447021
412,0.007568113017154432,0.015252599181182047,0.08856689889528246,0.023977433004231385,0.00652776535813282,0.051111905944246416,0.02341673596092808,0.06720448829713965,-0.0037131495370028716
413,0.005370704485377353,0.009355971822596842,0.1029414665903845,0.013630731102850069,0.005081212542343505,0.04848506326543611,0.026738025039524826,0.06318565492552108,-0.001622089185866031
414,0.0060213255279113476,0.022925053549824104,0.0807188359180373,0.04159292035398232,0.004257186745665997,0.05800599897228764,0.022313682538387947,0.056634306208874774,-0.002198889390710272
415,0.006891079184764393,-0.0005942667655656209,0.08815306830574005,-0.008780487804878057,0.007591954273746704,0.03862361422426852,0.012325357914777402,0.041990410465207795,-0.0012099928842900474
416,0.00731513606153078,0.016473709017552407,0.06842681726383315,0.02725250278086755,0.005694915254237265,0.04419212757907165,0.02928520704109394,0.059802045133221626,-0.004528798955180963
417,0.006436609775341551,0.001048385794873763,0.07633144668801217,-0.004844961240310086,0.006941732830057723,0.03717983590898455,0.011452997338666338,0.036635509323962645,-0.0008532171571311725
418,0.006361584239688023,0.01477989431308424,0.048807102430643234,0.02516268980477221,0.0043970988213961615,0.03455363501003439,0.02665886568479181,0.048284582064107906,-0.005759404614696734
419,0.00800462122462453,0.02340311588927957,0.0934538759712722,0.040472175379426656,0.006334056399132426,0.06483431378729765,0.023566573875254626,0.06269658289241542,-0.002479342412216725
420,0.007900155481783355,0.007752676881108922,0.0772305984248105,0.007575757575757569,0.007929596186460053,0.035748375678385846,0.026104816788687035,0.05418154659831487,-0.004825172282791133
421,0.007125789383853887,0.009160928078340014,0.07921492427441412,0.011529126213592145,0.006792729943087994,0.03865947684593918,0.02406975102978215,0.05976300446680216,-0.004178628483518791
422,0.005829069864966896,0.027378726190223523,0.08619965642298144,0.05086469989827064,0.0038927524821763537,0.06596230550666426,0.03161297941308949,0.07355198870187885,-0.0022764617523826115
423,0.00871224692997008,0.01704672392409945,0.08039207567845263,0.027105517909002952,0.006987929939195947,0.04755619679678158,0.028298575100457857,0.06179910383631115,-0.005920980285479882
424,0.005739685827723107,0.00135619077169713,0.08734259838450864,-0.0033898305084745783,0.006102212051868783,0.03816388215365196,0.013249597761508136,0.04742611917389006,-0.0013253752578484372
425,0.007801114444920709,-0.0030944146266735917,0.08388223095739789,-0.015080113100848336,0.00889128384750093,0.035228874158359014,0.014871732232679569,0.04486680636516949,-0.0013989113083969426
426,0.0070981561594355425,0.026403120669609037,0.08165980550086516,0.04789430222956237,0.004911939109655705,0.06308743038600861,0.022856224204929165,0.05924974992005161,-0.002491033044360373
427,0.0051956901324474725,0.014686707144231925,0.05420675714519729,0.02579132473622503,0.0035820895522388208,0.03670510177099162,0.017069073426267622,0.041001561697725175,-0.003855583905382619
428,0.007384641652793733,0.013728918244620414,0.09482492122941566,0.020798668885191385,0.0066591676040494985,0.05160484150612782,0.017488138441929424,0.050643863141139,-0.0023094220489987966
429,0.0068266532646480416,0.02193943575167001,0.06326104948082734,0.039632395175186685,0.004246476328153226,0.04932495961185823,0.027772431070462678,0.06255262255309735,-0.004841689317572034
430,0.007236316210189719,0.008720058787314966,0.08928845173592104,0.010393466963622866,0.007046650611007066,0.04390713833682214,0.021709028484260595,0.05126209327555298,-0.0026555725131855307
431,0.007316557411714997,0.01221531725911884,0.08687872169803268,0.017833553500660515,0.006597081017577167,0.044713582529012696,0.02836136892803609,0.05723907977853493,-0.0034445769630629883
432,0.005454469750593383,0.009866483292703898,0.08998010162969294,0.014659685863874394,0.005073280721533346,0.045198122664117546,0.024111648045491818,0.057007178028586625,-0.0017367905599843005
433,0.009476167236050048,0.03967454662863512,0.11072774766649374,0.07310924369747895,0.0062398495597913994,0.09034931019549619,0.03030304608380663,0.092212344534369,-0.0035544465043578534
434,0.008298582151793132,0.018082629973180442,0.09696376682678054,0.028896672504378218,0.007268587441982666,0.06121582679972348,0.022048026846827495,0.06553192431337518,-0.0023765829156689317
435,0.007534274774589345,0.018222844766368818,0.08184690038812237,0.030324400564174847,0.006121288968562788,0.05266434362451666,0.026396085261180757,0.06194008022096398,-0.003119787470040526
436,0.006892418339826234,-0.004659749805962621,0.08398648135490239,-0.017857142857142794,0.008537643245217552,0.025726307201065834,0.02261455415561009,0.037654760741754334,-0.002226244886854349
437,0.007488787392502916,0.021762159825475358,0.08950393224440412,0.03752181500872598,0.0060025046422247375,0.06224187729958419,0.01745281714220126,0.06181620949824418,-0.002275846327993821
438,0.009894841434130996,0.03210896583919354,0.08964501372736589,0.05782105903834445,0.006396872640042628,0.07174499865031037,0.027072799439932793,0.07522146951043052,-0.004891888833650111
439,0.006119135828164701,0.014742034096781431,0.051126062027329056,0.02515723270440251,0.00432683548916013,0.035569449535248654,0.02614426416275384,0.04727936513794384,-0.004829786402195238
440,0.0085784313725491,0.027628055624270065,0.08411190491905507,0.04945407835581245,0.005802032892727849,0.06442499342731023,0.028906104940246813,0.06285644671763202,-0.0036324153131593595
441,0.0068752864702695815,0.020864467846013035,0.06770962797249147,0.03703703703703698,0.004691898654989091,0.049772557652778326,0.021037855705773434,0.049479525215083475,-0.003428493740330725
442,0.0055216263699490176,0.01775434494630923,0.06388258612751585,0.03179753406878649,0.0037111558238319686,0.04421584372611098,0.025205933125612034,0.056868537096404936,-0.0041353058516814395
443,0.005157211778406334,0.014970120925307695,0.05828989693650788,0.026248399487836194,0.0036918423627790853,0.03892965037645579,0.020965157386970912,0.0523043867972266,-0.003798394920874991
444,0.00621658585105056,0.025518641452523028,0.06966841877997076,0.047383309759547354,0.0036539731454986457,0.05668994893973989,0.02526570713107279,0.06874198823302557,-0.003947782905174536
445,0.007147309370454935,0.016259093532981495,0.08259068167604755,0.026529108327192352,0.005989078738770526,0.0512387892161934,0.02018068875833412,0.055069254207338214,-0.002956179811007268
446,0.008456659619450302,0.016638344725754428,0.09664115700989928,0.02574750830564787,0.007529181145861097,0.05850383109016999,0.01883499727511395,0.05845068733894454,-0.0024092942523868816
447,0.007245773298908964,0.024918564031337853,0.0820197044334976,0.04508748317631228,0.0047496448863636465,0.05978470521831991,0.027658387612030544,0.07387062725479177,-0.004517169317793605
448,0.006352390504847927,0.01112674337381625,0.08432201091909008,0.016470588235294126,0.005782898512338375,0.04456206636788118,0.023164381984639548,0.06396745042349239,-0.003088347994593378
449,0.005985703212470939,0.02407695788109354,0.10369488431162432,0.04371584699453551,0.004438068767651515,0.06727998243342492,0.02562140189276274,0.07274567765719775,-0.002314998000665338
450,0.00632937404956635,0.02302704144404577,0.05464868701206538,0.04263565891472865,0.003418423973362894,0.047900466562985966,0.03222346771091045,0.06078062668969486,-0.004759734608165769
451,0.00719783648845429,0.012776268029157656,0.06942258070084728,0.019502681618722595,0.006049854439592495,0.038486224356383936,0.023048642885176163,0.05087907091589372,-0.00525210123344555
452,0.004541788700708871,0.010225757557669746,0.08027675480102314,0.016355140186915917,0.0040963749284235185,0.043335600176765854,0.013161626710785246,0.05090047257249897,-0.001417295974331767
453,0.005988532597154372,-0.0021745149061065394,0.08673384608080514,-0.011088709677419373,0.006739679865206405,0.0340168105854155,0.015414519096951573,0.04132512402040234,-0.0013741227187824105
454,0.006557928367244004,0.016160280793477866,0.09244964668778421,0.026761819803746645,0.005558741783209142,0.05405048094863407,0.018317173039421708,0.05423575262072211,-0.0021246744309263293
455,0.005847703602526844,0.005681055145162817,0.0808298710983274,0.005490734385724116,0.005871375904601517,0.034299425147297,0.021391912787515177,0.05850321785362533,-0.0036962629383045023
456,0.007265244414580985,0.01932539818327761,0.06188325585332466,0.0339147286821706,0.004736067684384726,0.04479697544406902,0.024702006368223506,0.051470138519816855,-0.005582679219030405
457,0.006164880328793587,0.035604955668219085,0.05344636326268204,0.0692751763951251,0.001934734941313021,0.06404611190685205,0.029918591659677696,0.05957764562353951,-0.003845389293158974
458,0.005714285714285672,0.046176798329221724,0.08320681985730527,0.09037900874635568,0.001974587912087933,0.08902985132606483,0.03079554525891992,0.09429176171638848,-0.0030625357162672277
459,0.00959182826059879,0.013242722259857342,0.10092103486246151,0.017345399698340924,0.00914004482137365,0.056354424379526646,0.019603816729587886,0.05555019872823874,-0.0024793520419797016
460,0.005698005698005715,0.018436989405055337,0.08054866748453449,0.032384690873405286,0.004489287936705444,0.053118929966525286,0.02534119050686945,0.06277620115956428,-0.0021164240396089815
461,0.006467977171845218,0.012236525340742599,0.07204374291256432,0.018802228412256206,0.005670822269228992,0.04187243235674332,0.014368975910977966,0.0444088517828054,-0.0025186163172011694
462,0.005799923796621642,0.025036143240144026,0.062200112372400085,0.04700272479564027,0.0030695616846476703,0.05354519151737336,0.022933722264199097,0.055110284549610644,-0.00360986133522858
463,0.004708058346294508,0.023167647174177408,0.058858688125487446,0.04355555555555557,0.0027797387927991357,0.050395217667619896,0.014726752166921764,0.05296457929350651,-0.0022008818941139964
464,0.006356281987782708,0.02164482846766802,0.05097776908984608,0.039877300613496924,0.003412356321839005,0.044753186695538294,0.022807657013933058,0.04975048289552475,-0.004947202699222331
465,0.007403446715748885,0.025018355891870847,0.058866111054261316,0.045929018789144016,0.004107692994597456,0.0516107438427994,0.024645039416347436,0.05399574715252076,-0.004731272641446113
466,0.007902989755383727,0.01893286955707363,0.06555203828261158,0.032126466088730266,0.005739273025416769,0.04596417888819415,0.024230581424783293,0.054490913375135674,-0.004753551566845232
467,0.005311644119843861,0.027433555175545687,0.07750742647225561,0.05190311418685123,0.002963996164240257,0.06227309236947787,0.03396774746245901,0.06883812501052966,-0.0030189118297127768
468,0.0043045135899643094,0.03346061266384592,0.058694632503362376,0.06542056074766356,0.001500664580028288,0.0637439010971867,0.026648056288746225,0.059685697470038046,-0.002233483220330363
469,0.00694444444444442,0.017870730950324765,0.07815733422165694,0.030115830115830078,0.0056256317848195625,0.05196018064746499,0.025076280831565878,0.06079113339356246,-0.0027751108302292923
470,0.005228924882030417,0.0008436676894595374,0.07711191335740075,-0.0040551500405514584,0.005742485419470644,0.029847194621399176,0.015042569069447564,0.04666813381978663,-0.0023056369822189587
471,0.004336181609488565,0.017089239914681476,0.05014464271460384,0.03172504957038991,0.002453430258973155,0.0389334132732968,0.024975263602165954,0.05500651134969947,-0.004192220502646858
472,0.007409888223720018,0.03481837747298888,0.09102252414042244,0.06552262090483624,0.00411413404114136,0.07626636311895274,0.023289909698577693,0.06412086553838992,-0.0030401360793151783
473,0.006988296707922892,0.016254124385398194,0.08030223664250924,0.02670623145400597,0.005802017316790198,0.04986588291492211,0.027221821014983716,0.06634957451127843,-0.0033690738687803534
474,0.0056532144920359295,0.02416153484326633,0.06026591107236268,0.045205479452054775,0.003117590234477885,0.051690260231171736,0.027510372919852144,0.058900622443012085,-0.0036533762437346642
475,0.00915699425679739,0.042142731315904736,0.09709357522402917,0.07898773006134963,0.0052977325704598455,0.08743846587542536,0.02124959535723625,0.07196463804232478,-0.0034516963038468927
476,0.008210111841829626,0.019048963196178437,0.09005615745295614,0.031475409836065504,0.0066225165562913135,0.05527721480213332,0.027333930934517192,0.06568950248552274,-0.003971260554820555
477,0.0068832368001343625,0.03337248403227788,0.0958218125960062,0.06244087038789026,0.004304097676665619,0.07677693793176671,0.023387102906310853,0.07513109857632094,-0.00280888153828953
478,0.0069802227023433305,0.01595059220906403,0.08540391752070586,0.02615278733654508,0.005748397081583034,0.04944035933937907,0.023744267085458626,0.05330789205593334,-0.003123763446308915
479,0.005575891717034098,0.018145518672507577,0.06889741339533706,0.032480995162405046,0.0038100421826099407,0.04618978046060973,0.02488836988291232,0.05095067126694053,-0.0034289958304237686
480,0.0065074100507998,0.015604343534561527,0.0541700233330189,0.026728110599078314,0.00448057647004485,0.03726243955002995,0.021537132120277414,0.043236139499939985,-0.005396457048858827
481,0.006761833208114187,0.012111422100859581,0.07865114139775842,0.018095987411487102,0.006126856790232282,0.0458637270857829,0.027056795940597067,0.06805358840798004,-0.0030229119495523912
482,0.006013962486331903,0.014779655804729397,0.07623519353548724,0.024513947590870666,0.005045364018588239,0.0465357708380113,0.01676389554238633,0.04360118773277566,-0.0017039733504438936
483,0.006981163251817635,0.0170592108925246,0.08338154413409549,0.0284256559766764,0.005692765808372746,0.051257286820746484,0.024879438863602,0.0654455757412935,-0.0033365335393340453
484,0.005441781248701871,0.021318352440800048,0.06065388670205796,0.03924418604651159,0.0033925188350882873,0.048339912657093254,0.023453197507917856,0.05980599894866401,-0.0032642859640587274
485,0.006423625594393911,0.03720879890424489,0.05657970125941092,0.07250163291966039,0.0019159648888295022,0.06780052955978144,0.029598795211895013,0.06772950815382539,-0.004456537584180187
486,0.00763171856507372,0.03397005126561525,0.10924523601942959,0.06274131274131273,0.005198789789917724,0.08305497109603655,0.026280208978253006,0.0827409279662965,-0.0028651624562934866
487,0.005338530632997163,0.009604186394856717,0.08458356315499171,0.014345991561181437,0.004862381228531887,0.04177899285769193,0.015891778184466188,0.05333344070822199,-0.0026197731381241325
488,0.00776602775941837,0.0282589992180885,0.08016465015543639,0.051833122629582784,0.004684875806594158,0.06343390831152351,0.029026131846796366,0.06244382955674033,-0.004093997454448002
489,0.006123390512938753,0.013582096500817542,0.09059162336846249,0.02186711522287632,0.005297077778758763,0.04965728930229041,0.02433047171836411,0.06637253046296598,-0.0030373255063876163
490,0.006315789473684275,0.015390102752722012,0.0946897106489697,0.02521929824561403,0.00556090725983005,0.05646776876192294,0.022139443648090507,0.06641873361400213,-0.0019075327216364797
491,0.008140887190563162,0.029914977332972992,0.07672142576503704,0.05518896220755848,0.0046409924583873385,0.06430250557725814,0.02744917570102834,0.06482544771962084,-0.004452545223606587
492,0.008128369272237257,0.022378432599647113,0.110482430677734,0.03816131830008673,0.006595546899207605,0.0679834728220644,0.02131796300923894,0.07336716345719752,-0.0029566143993831027
493,0.007010309278350446,0.030120863094964756,0.09590114023629703,0.055335968379446654,0.004905757810482858,0.07352748648259427,0.02733418106570018,0.07124692028637875,-0.0021712033855006904
494,0.00868112161721546,0.05508819894159167,0.09127590463854929,0.10703363914373087,0.003142758739452467,0.10139860139860135,0.03407383870252567,0.09010927135654301,-0.004160828428607374
495,0.007652636832473858,0.035347008422557,0.10075969703662091,0.06589492430988425,0.004799092535229699,0.08082851637764937,0.028509787557502775,0.07997494202861721,-0.0031136750789486148
496,0.007659048795552792,0.02755227859882925,0.07415730337078652,0.050234427327528475,0.004870129870129913,0.0609378989474878,0.024824855409249502,0.0628219458323307,-0.0034616552114104665
497,0.005284670327401875,0.03275967637651345,0.05444078901986893,0.06376811594202897,0.0017512368109977583,0.061540421845159954,0.029504675992637175,0.06483373593617048,-0.003732300253932813
498,0.004980630879911518,0.013284850020885863,0.05917332560692934,0.022758620689655173,0.003811079352116442,0.037249868986946266,0.024638643656257897,0.053753957279047526,-0.0035356220045447417
499,0.007426769562691948,0.01752651099631397,0.08186472364324715,0.029005524861878462,0.006047497130749591,0.051632873525012446,0.026066707573504266,0.057306471342003396,-0.003148238950836074
500,0.005147577732575015,0.010990496564890151,0.06573899762014712,0.017681728880157177,0.004299264249623236,0.03595500958897013,0.02504458789741404,0.05065082773545593,-0.0034616226402932257
501,0.007155857048312342,0.03473559449136654,0.10539770206725219,0.06497175141242939,0.004499437570303688,0.0817325509658341,0.030905422187285314,0.0772742069191299,-0.0027535848291751416
502,0.007412034145325874,0.030739820184724875,0.1003304800607161,0.056338028169014065,0.005141612200435741,0.07538929293905394,0.026896416991418426,0.07163729293693177,-0.0023960167717587168
503,0.005844686063002258,0.004443999682071764,0.0916697307057146,0.0029069767441860517,0.005981022619957699,0.040917353134547696,0.02216831766177807,0.06475927666938253,-0.002469485139316604
504,0.005749265831161865,0.019382873762053943,0.043700330695846445,0.03578431372549018,0.0029814337986177053,0.03939547491677098,0.024188852484572587,0.051797681027692555,-0.005439415958295307
505,0.008339968987050028,0.025280206514443404,0.1027162486085999,0.04404145077720206,0.006518962251684801,0.06965940715398172,0.02605327394666146,0.07100298080613615,-0.0026965545614300174
506,0.006056332185672253,0.03028795031715026,0.0822072072072072,0.05664263645726059,0.003933264177040097,0.0686140731604502,0.023043209863353953,0.07488930259042326,-0.0021563852712053327
507,0.005009810879639254,0.016452361710634134,0.052027509824937535,0.029761904761904767,0.003142818659363389,0.038444072612708324,0.026581551333773712,0.04640550080165917,-0.003938211572271477
508,0.00752100840336134,0.029448592573170673,0.09418287540396697,0.0543401552575864,0.004557029888754838,0.0695913699481241,0.02763317734931603,0.07247271703608738,-0.0043605875621989185
509,0.004366449037301878,0.017828262572260667,0.0468588322246859,0.033175355450236976,0.0024811696942843575,0.038936170212765964,0.02407868816461778,0.05334449356568349,-0.0036124838418402742
510,0.006085533218617489,0.017029474164970138,0.08864346531331257,0.02901353965183756,0.005045408678102881,0.05419486969883258,0.02260566696433075,0.06822554919918172,-0.0022823361948316225
511,0.006849315068493178,0.013756893511393864,0.07412830471818865,0.02187324733595064,0.005640539686837198,0.04163306551441126,0.02538342826016815,0.052835980540275496,-0.004290267776803906
512,0.005978629579375894,0.003897282998565177,0.07584859433848368,0.0015624999999999112,0.006232065997130554,0.03528155408579714,0.014937220481752167,0.04623363978538497,-0.002262492060931532
513,0.005789076264787307,0.007322645225871116,0.06573938506588584,0.009139784946236573,0.005505505505505548,0.03046307311651386,0.02065571191915261,0.04756913495427506,-0.0045119275607013246
514,0.006731583403895014,0.0009483690624548791,0.08998652229532167,-0.005529225908372792,0.0074259640332826615,0.035968845463071775,0.018017916786630672,0.05830993205605528,-0.002780602364376758
515,0.0066357831476149265,0.01835563608984303,0.08013846736821606,0.031355932203389836,0.005355339976296114,0.05352828823888167,0.014898287228652274,0.04918465862567911,-0.001956254167644382
516,0.005953878406708579,0.02341238845048621,0.07026794699765182,0.04305135951661632,0.0037734173843558816,0.054406879030681976,0.02941974671497427,0.06953100619929165,-0.003630273235636746
517,0.007520671458844053,0.0315728630978126,0.10694946190140797,0.058011049723756924,0.00513467647186816,0.078420378330051,0.023103379579399563,0.06978986362397577,-0.0025942776493977082
518,0.008585668216275044,0.03489618047283072,0.1120384949954304,0.06390639063906395,0.005885970306597543,0.08478004152851987,0.025877192392875226,0.09468829001516882,-0.003494803370186192
519,0.00716534128561952,0.03286805601930909,0.07293898959282985,0.06216216216216214,0.003573949876456095,0.06723056847305431,0.02939043106820205,0.07024306022311533,-0.004308327489123263
520,0.006757884198231201,0.015330330085411181,0.07248282397536121,0.025246305418719195,0.005414354752103057,0.04421153705773018,0.02823031187811953,0.06263121174283948,-0.004147366904329174
521,0.006188911178454104,0.007753202803964188,0.08089434970783138,0.00952380952380949,0.005982596084118885,0.03861053059159958,0.01694295250314115,0.048920425209243557,-0.002811800724613303
522,0.006604964240639499,0.00943873039665244,0.07353521015692766,0.012753623188405894,0.006123837604899096,0.036382210296907025,0.02410655411690832,0.05089321026411331,-0.0039030995348769693
523,0.008096994361778798,0.017483234673881354,0.0964149590550587,0.028085735402808565,0.006880733944954143,0.05710953258920948,0.023057799507985588,0.0669236761770371,-0.0035411351075540116
524,0.00609934411162627,0.01889077291396135,0.06730391477167685,0.03342618384401119,0.004355361983911732,0.04749394475933133,0.020961726987311913,0.05608591210852942,-0.00317379885636581
525,0.005621435312461509,0.029824618623856325,0.024459049156385748,0.05933363760839799,0.000315599639314712,0.04939009143286788,0.02631742323193642,0.053271166490496236,-0.0068645073752530705
526,0.005379482902418631,0.020463888491825788,0.05478198761988984,0.03772336201191262,0.003204414971738845,0.04493814271207852,0.02491823501864865,0.05478271939022106,-0.0033743472014458806
527,0.007177235497762391,0.015038984063919347,0.08643069437049711,0.02376910016977929,0.006308867958059405,0.05270244845981975,0.015487532371059709,0.05040850805289898,-0.0020651306711356003
528,0.006834776702326351,0.01573454186193135,0.09349919565342635,0.02554744525547442,0.005921638468388224,0.05493734335839595,0.01590428807742561,0.06368145950243698,-0.0025084797363038834
529,0.004209817293929441,0.015995075262248415,0.07023449176704044,0.028673835125447966,0.0033163153990487526,0.04722729411014276,0.022213192702208562,0.057022124859805234,-0.0014628436257544258
530,0.006633704161516207,0.028181558745246083,0.07848166442671878,0.05239520958083832,0.003967907909653845,0.06335514369211415,0.02438519229092173,0.066947266869951,-0.003673299310765595
531,0.00854342909791439,0.02668775564412229,0.09313120390112523,0.04666056724611167,0.00671494404213302,0.07062785171795505,0.02291199748795414,0.08301146509154556,-0.002802392135105195
532,0.008837190184553423,0.026319903371466613,0.08319273359936352,0.04655380894800476,0.006085997794928355,0.06219585889663104,0.02497715604414963,0.06019112699578866,-0.003956329689167065
533,0.008345383185292321,0.018230231864923896,0.095754363422208,0.029368575624082238,0.007091888105765443,0.058368218280448025,0.02842417014617371,0.06663181928702111,-0.0032585762109155897
534,0.008003575201105062,0.03992457479820388,0.08843308087032153,0.0754414125200642,0.004407737076343676,0.0814802973611588,0.023831481555767864,0.06945328990907751,-0.002844086923274324
535,0.006190516297481685,0.014231754840387745,0.07173105889945108,0.023323615160349864,0.005139894520425514,0.04378934326746442,0.02254173419741423,0.05679443534513784,-0.0029452893318815954
536,0.006464697680314435,0.005248898839715355,0.08288753799392101,0.0038486209108402614,0.006649176768590559,0.03499201679335906,0.021534569986072394,0.05519721844261105,-0.0036674788722488444
537,0.006657952781635501,0.02344003640537662,0.08426970314183535,0.04210526315789476,0.0047748096528584805,0.060283716286758104,0.0281116417616204,0.07481346024968938,-0.003394841801895032
538,0.006905907016894752,0.02706688530721868,0.07977242175970267,0.04969879518072284,0.004434975433714516,0.06250138549577566,0.03249065766086201,0.07038756136782898,-0.0034114575519386195
539,0.007883817427385864,0.016104613366728304,0.07714858265272884,0.025755879059350506,0.006453347674105991,0.04647945129681885,0.024647123951428873,0.05884902528646685,-0.004489828668742077
540,0.005359145860163617,0.01970694779634319,0.055866159745971755,0.036213468869123244,0.0032004267235631323,0.04424608892574999,0.015200163071298123,0.039481894661196004,-0.0030594894416378984
541,0.007085617882749862,0.027538409297417132,0.08258634985989599,0.05068790731354089,0.004388911281293373,0.06357811390218593,0.021053189532911243,0.05996958554126086,-0.0032428391431527856
542,0.004746317512274945,0.016646969929933197,0.0321264211181318,0.03117939448712148,0.0021145453727448027,0.03225842422818248,0.02652958420988738,0.04551249127671042,-0.005793451581611986
543,0.007692950915628383,0.004124635731898585,0.09179116184219027,0.0,0.00824927146379728,0.03703968745727404,0.027059090195901914,0.05788282010926238,-0.0037282028493792474
544,0.005153760967714471,0.013624380783629486,0.0574640615729628,0.0235294117647058,0.0037193498025530625,0.03594736104961005,0.019479804227688025,0.04708071632106636,-0.004277157191679641
545,0.005166426696027737,0.002219554258424017,0.07905459576089024,-0.0010000000000000009,0.005439108516848035,0.03286821380660487,0.014642809763863007,0.032989707530181045,-0.0011280047517529743
546,0.008963859348897874,0.03317506006454918,0.09523894224646334,0.060203283815480846,0.006146836313617565,0.07648948105853104,0.026969409426208957,0.07566244436382252,-0.003027863627708516
547,0.006510200696632995,0.02194418202948545,0.08597798887584351,0.03897254207263068,0.004915821986340108,0.05995521114588842,0.0164397036827878,0.05625257606779177,-0.0023409662407188163
548,0.0061958387407377025,0.02045334095107232,0.05485072712158379,0.037280701754385914,0.003625980147758723,0.04454396084088097,0.02386277364818923,0.05009856312230254,-0.004564965328380306
549,0.005255634039690538,0.032716046711626534,0.07669025056831247,0.06300630063006302,0.002425792793190107,0.06951884954896465,0.024099093188990617,0.06945217214223842,-0.002970410345720712
550,0.006162084059326056,0.005096160550590367,0.09991638795986624,0.003929273084479379,0.006263048016701411,0.042402206251633656,0.019444910109566282,0.05551266554426404,-0.0019950171996633848
551,0.005246589716684125,0.04115264719406608,0.08732267732267729,0.07990867579908673,0.002396618589045274,0.08377150022174223,0.031094882617421993,0.08139295082175857,-0.0022783089416885324
552,0.007544354170121115,0.029816566537044786,0.08189158016147635,0.055134390075809725,0.004498742998279903,0.06630920027095621,0.02908332693233673,0.07537422041313657,-0.00410838285259852
553,0.007160504166492165,0.03328865858987773,0.0873182867248149,0.062344139650872876,0.004233177528882637,0.07316578865743062,0.028415270141077142,0.06622168857360822,-0.0028241504170931214
554,0.010830324909747335,0.023302349732519545,0.10074326957425384,0.03744798890429957,0.009156710560739523,0.06820661762710023,0.02336450420896652,0.06926276968507694,-0.0032656155810545304
555,0.005736999549235677,0.03242403894420476,0.060729692879029185,0.06254493170381015,0.0023031461845993695,0.062953072610891,0.028746621492015567,0.06313077345036155,-0.003525551146300855
556,0.007598909721648672,0.01283464941013468,0.08363741460128082,0.018776077885952702,0.006893220934316768,0.047218767956990315,0.023165595827635888,0.05178214739198095,-0.002720404904776881
557,0.0062903702452822285,0.009532433901990656,0.07695747217806048,0.01319648093841641,0.005868386865564679,0.03937186310316265,0.020789776282447714,0.04887796573435732,-0.002567182497936929
558,0.00541766410482547,0.012738888771079093,0.04190570392350801,0.02188552188552184,0.003592255656636345,0.029445353850596767,0.023689955302971244,0.04442380555185521,-0.006279243162390369
559,0.006738314568406678,0.024011473233579994,0.08646034816247583,0.043338683788122,0.004684262679037987,0.060453004728414805,0.022927181953876552,0.06360958988448706,-0.002976361703537357
560,0.007929660216114076,0.02501659690562008,0.08692856248124703,0.04409448818897643,0.005938705622263618,0.06387582102845557,0.029121604716832006,0.06426850387509997,-0.00275145549778957
561,0.005580965968696172,0.026100912417835298,0.06545480742458487,0.04926470588235299,0.002937118953317608,0.0562186717959805,0.02667593460329265,0.06520598272166456,-0.003654753144306709
562,0.008534199242329565,0.014870243356682189,0.08766170379392424,0.02213541666666663,0.007605070046697859,0.05071444523712021,0.028049515649321788,0.06254440954001761,-0.0036269509424492266
563,0.006694560669456062,0.01084260833864581,0.07345646782404391,0.01568855316676354,0.005996663510527966,0.03833211473640041,0.02301504171109603,0.049879781925235234,-0.003904612114941912
564,0.007101976020386869,0.008110441146155334,0.0823509970254489,0.009276437847866359,0.00694444444444442,0.03886910200037741,0.029159130253600174,0.05887980265203574,-0.003827571205020995
565,0.004464839389805353,0.017577411864733716,0.06289988837158644,0.03215169002473206,0.0030031337047353723,0.044377320158872635,0.024189584113147644,0.05999839164447862,-0.0030035932280642746
566,0.006940714728361996,0.03807919379108182,0.06847340879073116,0.07351940095302928,0.002638986629134421,0.07324896668028236,0.028098051736832774,0.07006048544692489,-0.0045699719782381285
567,0.007172256408166544,0.04919176808241854,0.0794192879363983,0.09564474807856532,0.002738788086271815,0.08836642974166437,0.0327765443616137,0.09015983218913864,-0.003224411084977334
568,0.005261164190412115,0.012843581569184748,0.06985348952970372,0.021402214022140265,0.004284949116229231,0.040293056686866224,0.017445141912586837,0.04801156814325935,-0.0027851479139437245
569,0.006640106241699861,0.025004532339058416,0.06614759181423546,0.04602235371466146,0.003986710963455153,0.05465945520792248,0.02692931662520215,0.05489458494938371,-0.003387564641181978
570,0.005801732111326063,0.01981086127899312,0.07785561819276443,0.03521779425393878,0.004403928304047233,0.05378984297226763,0.023009321348934297,0.06628005762676636,-0.002366359489134301
571,0.0097778147624199,0.022929070542586416,0.0939450649259913,0.03828306264501158,0.007575078440161365,0.06126375342694712,0.02448577105352656,0.06418018799180814,-0.004529121006715452
572,0.0044369582186434275,0.01684848460585875,0.056763159458174894,0.030745580322828592,0.002951388888888906,0.04137952465166872,0.016533622640703682,0.04053466166933983,-0.0021368248543937075
573,0.00621813207312516,0.018134774815501853,0.06329662311603612,0.0319905213270143,0.004279028303989296,0.04443525902240242,0.02888808849578106,0.06264015988897298,-0.004616358906262018
574,0.00659726684659212,0.011030180163873027,0.07404830838798127,0.016231884057970936,0.005828476269775118,0.03770891689803857,0.027702075967289685,0.0603820147412748,-0.004610094106036543
575,0.006816257408975401,0.0015199392251121768,0.08567809002591609,-0.004457652303120341,0.007497530753344694,0.03464801060949618,0.017144303401603334,0.047307990788502674,-0.0023722687960979136
576,0.008756567425569184,0.03274169020937534,0.09028465809650732,0.05994358251057835,0.005539797908172384,0.07315435998098752,0.023824475199082706,0.0654328591504183,-0.003377904450387638
577,0.007835254543216985,0.048250856093696615,0.08724886541338805,0.09330143540669861,0.0032002767806944554,0.09140497583473223,0.03716845445006278,0.10246613622157935,-0.004350394151749818
578,0.006535947712418277,0.027214675967551893,0.08144905725018048,0.05017006802721091,0.004259283907892986,0.06360661186607519,0.019163325519213403,0.05863993924561195,-0.0023370384847119195
579,0.007876586540423558,0.027899220441421346,0.07947324191824434,0.05043859649122806,0.005359844391614521,0.0638198569136047,0.02752403891726296,0.05982620236331582,-0.0027521906948248243
580,0.00565262076053441,0.008641107703964979,0.06478562918723219,0.012094207511139321,0.005188007896790747,0.03329719668730913,0.022754138609877628,0.054995053435827446,-0.0037388878014465166
581,0.005976511890333103,0.021201895862812625,0.05537722690114233,0.03910614525139666,0.0032976464742285883,0.045851193449351846,0.024426154750395224,0.05001158934002903,-0.004550278926765912
582,0.006490787269681775,0.0115050518163341,0.076382765930882,0.017305315203955507,0.005704788428712693,0.03995497427101202,0.026094452857691186,0.052578913967453955,-0.0037061332826085203
583,0.005667030476030455,0.016375968992248024,0.07484904933196301,0.028100775193798444,0.0046511627906976605,0.04924514440040978,0.02370423329285576,0.053432938852465806,-0.0016979861759873933
584,0.0069373178440950145,0.044377207814790265,0.07909450337512058,0.0859049207673061,0.002849494862274482,0.08359548697122865,0.02486614028513956,0.07388165735789753,-0.003187974425686864
585,0.005666073865751242,0.01819934361108566,0.05500396492865944,0.032834101382488434,0.0035645858396826657,0.04176614448902938,0.020997009628693775,0.04915332907193137,-0.004174354080813368
586,0.008336126005361932,0.019265122469606988,0.08247403362244354,0.031921424186617586,0.006608820752596389,0.053193603569039904,0.022973478361268063,0.06070073877085369,-0.003906037159583653
587,0.0056934734374346485,0.02649015459015347,0.058391858476478764,0.05017182130584186,0.002808487874465082,0.05409238080597545,0.023398382159016684,0.05367067755352617,-0.0034868503461796055
588,0.007100789440708466,0.00761137325404504,0.06864332764226266,0.00822846079380446,0.006994285714285731,0.031854856898794304,0.025063974554003665,0.047698779052179896,-0.004529206073231359
589,0.006325189135557574,0.027395338132295444,0.05106309206998316,0.052197802197802234,0.002592874066788764,0.05299547249486025,0.025066909709719032,0.05358133614499172,-0.004890157832415372
590,0.007064947942488908,0.02244128055101302,0.06369118228548831,0.04030823947836393,0.004574321623662114,0.050384519754704926,0.022052955102433436,0.04477317201036912,-0.0032216890912422913
591,0.00628878775341335,0.01906148548995823,0.08021353355432193,0.0333591931730024,0.00476377780691406,0.052770555500865735,0.022520183949003902,0.06055622983330722,-0.0030596752768055485
592,0.004679089026915162,0.016180141462493247,0.053770583106217296,0.02931379080612928,0.0030464921188573246,0.039010714642393474,0.025421526420536522,0.05564855212407471,-0.003764448649413589
593,0.004454717377600392,0.010884721508720885,0.04561616460501827,0.018528321863419794,0.0032411211540217533,0.028516093653428998,0.024807871758908973,0.04613897536192779,-0.0048460058933587485
594,0.0069750062276841,0.032501292227516965,0.08937205014395777,0.0608108108108108,0.0041917736442231845,0.07298482395289152,0.021570998313613643,0.06750360428990743,-0.002966032709523274
595,0.005424042383214811,0.013817526316319717,0.06713354773188895,0.02330662782228693,0.004328424810352449,0.04072721577583627,0.023268862453130423,0.04875259805356036,-0.002731769492046683
596,0.008925964546402487,0.02611665656611395,0.09311030092938466,0.04570259208731242,0.006530721044915366,0.06631147536596327,0.021947898118303,0.06567054824948926,-0.003824732646215488
597,0.007341352136043144,0.015914666914564446,0.07962552402162348,0.02545155993431858,0.0063777738948104234,0.051709468734342234,0.01866589514209216,0.048826557054377884,-0.0017624386167612617
598,0.0067687348912167655,0.04501225329503766,0.04035776900442889,0.08980716253443533,0.00021734405564011183,0.07362412683732467,0.029348895886209925,0.06473459246050295,-0.00536036642070193
599,0.005916137668955379,0.001655949945527646,0.09179325911085179,-0.003132341425215346,0.006444241316270527,0.03226201045674271,0.021026629196915225,0.05020633268648278,-0.0025823465484020175
600,0.006958913242770204,0.01538143522352342,0.07019887016519966,0.025164769322947977,0.005598101124098753,0.04367520882016118,0.022020078782087116,0.04652111173147966,-0.0033483883012535923
601,0.005668841761827026,0.02465597143831233,0.048626094576741496,0.04676674364896072,0.002545199227663719,0.04821822515615881,0.03451265170964346,0.058673991769299216,-0.0044885380829758
602,0.006239197335694113,0.01557845827887605,0.08177091479569831,0.025963149078726988,0.005193767479025224,0.04995588028208253,0.022658311608054316,0.066306159866233,-0.0028096994550280315
603,0.008057334294559126,0.014049795445937763,0.102688988884931,0.020637898686679146,0.007461692205196546,0.05829355058442931,0.022234624488406407,0.08039472564684069,-0.002859468261126121
604,0.008683978688593386,0.022020156305961658,0.10121859059134708,0.036949685534591215,0.007090627077332212,0.0654131609763009,0.020738028644015083,0.06616408712278021,-0.003015781010163414
605,0.0078462973958775,0.010855953095011861,0.08039625956540486,0.014362657091561926,0.007349249098461685,0.04238398433994672,0.02169287956485022,0.054671702281245405,-0.003995207907326437
606,0.006386708966438448,0.020920053490791846,0.07978423177222882,0.0372856077554064,0.004554499226177344,0.0543299533880921,0.02552393162266342,0.06056197957071752,-0.003217350132403471
607,0.006862989767906114,0.026071323127317747,0.0761107801329487,0.04805793285055959,0.00408471340407579,0.0593003426349733,0.024209792479851777,0.06434895912172478,-0.004288766407655187
608,0.007625953244155492,0.020987763966574313,0.063936247694522,0.036980749746707176,0.004994778186441451,0.04796954779261953,0.02931794939811705,0.06235116805133678,-0.005683467180704033
609,0.008266522660241749,0.028231972729178878,0.09390938351076994,0.050583657587548625,0.005880287870809298,0.06958236670974305,0.025734002946461776,0.07286990510716984,-0.003320938583953943
610,0.007818143190992166,0.012819499070493956,0.09056647442232868,0.018414731785428406,0.0072242663555595055,0.05099694611003425,0.017541880583350267,0.05748916452022612,-0.0025658539846888685
611,0.006258692628650864,0.03698178044709122,0.04953250564680933,0.0724725943970767,0.0014909664971057834,0.06521772916106283,0.028896262296440933,0.06358459796547,-0.004539558447712137
612,0.004638335213739464,0.010390623194918014,0.03978828937268064,0.017387218045112784,0.0033940283447232433,0.026099874932746125,0.017891531016460127,0.03425530132401278,-0.004445882264446609
613,0.009304623492115693,0.03087437991566455,0.07769758816342853,0.05643459915611815,0.005314160675210955,0.06546404687409513,0.03000000376850731,0.06251345878995551,-0.00512496104863687
614,0.007938456502168845,0.011663333055638603,0.07236198220569134,0.01613691931540351,0.007189746795873697,0.03911979734681281,0.02962008844669306,0.056496355293447875,-0.004941335256347747
615,0.007668648759483254,0.024101742891300737,0.050578563159704326,0.04439655172413792,0.0038069340584635514,0.047528619315286846,0.0297036967580111,0.05491161509872389,-0.006436385927168074
616,0.004435554009392884,0.0012724796802566773,0.05792045276343216,-0.002421307506053294,0.00496626686656676,0.021038240651744533,0.0200777288035765,0.04886133742332677,-0.004043962265676382
617,0.007904973022711093,0.027741324162262826,0.07638297694010698,0.050600885515496574,0.004881762809029078,0.06154109247271822,0.026795602835625765,0.06483314808265439,-0.0041941555349607265
618,0.006440478194982391,0.022966513148862333,0.05918115422504078,0.0420114576702737,0.0039215686274509665,0.04956346683619406,0.0200296189943745,0.0534814225761171,-0.0035536867868122823
619,0.0073920373492414315,0.011767577483919656,0.10290316790810372,0.016622922134733153,0.006912232833106047,0.05202187827002458,0.020348149978297148,0.060096221010806805,-0.0025480612630274617
620,0.008394414643134951,0.023399039791634935,0.10263653483992474,0.03996524761077319,0.0068328319724967335,0.0688739896535302,0.024473235097224877,0.06650975417089644,-0.002531347328300154
621,0.0077621257546510725,0.02878544458145449,0.059114754098360645,0.05390428211586895,0.003666607047039916,0.056836176204899336,0.029931605625629798,0.06190948656858353,-0.005704289633193492
622,0.005388566136229622,0.018796010434563803,0.05657768865471491,0.03437876960193004,0.0032132512671976254,0.04304044304044308,0.026342338596618387,0.05648299521505529,-0.004536098849031049
623,0.007458666556167892,0.02650958146182436,0.0889982488343144,0.047734627831715226,0.0052845350919334955,0.06568621239002137,0.022002253513800918,0.05710727858616438,-0.0024474099665843588
624,0.006483381206401351,0.04604498994161821,0.07731656771102036,0.09001636661211132,0.0020736132711248745,0.08643460822231774,0.03931433737280676,0.08540149769237954,-0.003656937816586804
625,0.005556257103169648,0.01476726818936036,0.07437851509201643,0.025197984161267117,0.004336552217453549,0.04350343253195188,0.020313332014983976,0.04615402334141683,-0.0027646475189944883
626,0.006112166515239048,0.02472883917057611,0.07461747754600512,0.04545454545454547,0.004003132886606919,0.05804939718170887,0.028907345754497937,0.07499388287339392,-0.0034495620709588913
627,0.008706671026814994,0.03442466794788679,0.1034701639251766,0.06291946308724833,0.005929872808525194,0.08115927693563146,0.02672044032521148,0.07690346115826152,-0.002948929806857157
628,0.006548679902184218,0.03627918596266044,0.06204278570899635,0.07030223390275953,0.002256138022561305,0.06879702325729209,0.029342568669904034,0.0758033889571279,-0.0049874802396689955
629,0.00554374557125592,0.014862014490538256,0.07067055479995654,0.025464556090846524,0.004259472890229876,0.04275840734121428,0.02555958562481664,0.05718494918690731,-0.003594619724204981
630,0.008894060928473446,0.00926593904795936,0.0901828082675199,0.00968858131487893,0.0088432967810399,0.046880413264043574,0.027949025278976913,0.05708509846991727,-0.002795199488144842
631,0.005837522296092024,0.02787592497945368,0.04555613274218684,0.053611738148984234,0.0021401118099231287,0.051350561045641174,0.029000193533859187,0.061301403680232736,-0.004867836453693111
632,0.007637640908348287,0.018588137328269028,0.06322720383122549,0.03181386514719853,0.005362409509339527,0.044370542832742776,0.03308820128166501,0.06281077363914467,-0.005815717322386678
633,0.005597878698598402,0.014230450544433282,0.07566081754641046,0.023668639053254392,0.004792262035612116,0.04716629830553887,0.01394519375478842,0.05370039935938953,-0.0016166610581889278
634,0.007528385716636499,0.016979258605472225,0.07351723202890814,0.027912621359223344,0.006045895851721106,0.04768421731631667,0.020500135498161987,0.04486994451953963,-0.0031572661218858614
635,0.006090284350438235,0.024248609895269668,0.06120760959470639,0.04523227383863082,0.0032649459519082935,0.05202108963093144,0.0295795516389723,0.06293454135271226,-0.004736192560162701
636,0.0067998479537103584,0.003943604604297102,0.07307259483338358,0.0006868131868131844,0.007200396021781241,0.033628737134581366,0.016709378837264754,0.043375994256300454,-0.002311403477982081
637,0.007513401713730938,0.01518762402455287,0.08924341229704558,0.02380952380952378,0.006565724239581905,0.05129870987152918,0.020118006298215807,0.058186387088980496,-0.0027719700699618405
638,0.007183364839319473,0.010331173230743396,0.08924665643617491,0.013959390862944177,0.006702955598542504,0.04277110068792034,0.02855117292017817,0.06503134410746692,-0.004143552082736354
639,0.007226813971840329,0.03345437382688021,0.09161454517736833,0.0625,0.004408747653760536,0.07503247147445385,0.025064530928503803,0.07371976397063068,-0.0028571009206133646
640,0.0069473161855926335,0.009913820707993182,0.09055995374488524,0.01314459049544997,0.0066830509205363375,0.05018040158475634,0.019696308424707376,0.05552019468898223,-0.0014871843809733283
641,0.007861436919325615,0.02719540311487778,0.09482409881595733,0.048799999999999955,0.005590806229755607,0.06833667092275475,0.02456733371788611,0.07832862783436068,-0.0035609701609608906
642,0.006158967956720773,0.016256800492767454,0.0789286905629124,0.027332704995287394,0.005180895990247736,0.05116323219771496,0.02327917367952692,0.055737186559747354,-0.0017980268774277948
643,0.006718971705199972,0.01765713066201635,0.07315204569441858,0.03033980582524265,0.0049744554987900536,0.04705179584334207,0.023596684044411065,0.05603210486558663,-0.004254787050173424
644,0.007298016656649753,0.019250039314065548,0.0926653459481227,0.03253424657534243,0.005965832052788667,0.05810572908807404,0.01651922086332447,0.055380367407583786,-0.002289913291742749
645,0.005312868949232552,0.01202431734474907,0.06905473019968189,0.019687712152070658,0.004360922537427481,0.038406761708462134,0.024455865944567834,0.05368870175977747,-0.0035040038618726413
646,0.007222749597589617,0.024995676303277925,0.07107928536961805,0.045482866043613734,0.0045084865629420046,0.05619623179456679,0.023867811096863978,0.05998485350401905,-0.0039038498838006377
647,0.006107187370170242,0.027679296238316664,0.08160187240859629,0.05180533751962324,0.003553254957009977,0.06367442469717977,0.027126254351268586,0.07602083102083756,-0.0038433482768081145
648,0.006066902140037356,0.022476658349697032,0.07514094607836175,0.04074979625101871,0.004203520448375464,0.055351798880361014,0.01965052669263323,0.049750806354436294,-0.002150046270070316
649,0.007649862051667955,0.03137640737309777,0.08459836827496414,0.05781758957654726,0.004935225169648394,0.0700433412999466,0.021668507711576357,0.0714635696731295,-0.0028949210885656426
650,0.007977957807295377,0.03336571022180812,0.10947533867225501,0.061105722599418044,0.005625697844198196,0.08227795417939843,0.035322797952971,0.0968492140944463,-0.002962827574096296
651,0.0057963814018962,0.02666235766734293,0.037137010329370446,0.05165496489468402,0.0016697504400018381,0.04795984753781757,0.03368352270132291,0.05821392906863254,-0.006002355918834849
652,0.00608409384506392,0.013991353723016298,0.07330744856518057,0.022834645669291387,0.0051480617767413195,0.04488016621891666,0.025577732129635766,0.06311912450620527,-0.0028615738110321053
653,0.006999378753365093,0.019424985649593496,0.05288474992949854,0.03465346534653457,0.0041965059526525295,0.0420627275366231,0.021363291280548813,0.044922693465074826,-0.005698576500880605
654,0.005933711960667942,0.030097558201375496,0.07812041116005874,0.056896551724137934,0.003298564678612892,0.06591425513135901,0.02207156317535275,0.06148539180379359,-0.0026250241547114313
655,0.006520034663475394,0.034453395988339075,0.0763804611650486,0.06559999999999999,0.0033067919766783804,0.070615192334398,0.024857781838750426,0.06112082779669015,-0.00273245725500924
656,0.006728863936591889,0.015547011609810868,0.05631044804247354,0.026175472612699924,0.004918550606922034,0.038387812356709516,0.026092474928388953,0.05130166406493353,-0.0049994626420827235
657,0.007434330084255758,0.029773223020106654,0.08421617963590955,0.05459057071960294,0.00495587532061037,0.06811734304295985,0.026307964937288042,0.07215029041354037,-0.0027096353964003762
658,0.005654450261780131,0.02050858589644544,0.08217370501876053,0.03700588730025228,0.004011284492638656,0.054335469536461845,0.022509241795716672,0.06008523657309417,-0.002787065990405277
659,0.00489058355437666,0.021608779280866686,0.053595215211887814,0.04049168474331166,0.002725873818421709,0.04618036340158649,0.024517668698530892,0.054700464951167205,-0.0029888813345305063
660,0.007164278573808747,0.018505992436826157,0.09350386455649612,0.030917874396135303,0.006094110477517067,0.05906797675298042,0.024096718453988752,0.058996695559764,-0.0019517775012585295
661,0.007733467101412872,0.017216461909325798,0.08423625264756418,0.028056112224448815,0.006376811594203002,0.05181192138407531,0.02351770058139324,0.05427168346671796,-0.0033244603490013777
662,0.007561747421197529,0.03339788124674514,0.0949684147513351,0.06196213425129088,0.004833628242199239,0.07650844217903785,0.023021536134364418,0.06418172705386516,-0.0027096862346429884
663,0.007446542973625125,0.01894646983664494,0.0865756959741294,0.03189910979228494,0.005993829881004942,0.05561833966681207,0.02279413014792331,0.06219359136607294,-0.003291475004558189
664,0.006564910553093717,0.02572961868921264,0.0651166664143058,0.047650130548302805,0.0038091068301225883,0.05521390484171784,0.024559328030618333,0.06166804420210725,-0.0036823676329726177
665,0.006121928407448407,0.007984938656728224,0.06368181732420142,0.010198604401502998,0.005771272911953451,0.030927645136738735,0.01649468830999945,0.04124177254121231,-0.0038111765201588946
666,0.006885548744646974,0.0032174548533903113,0.08531185950357911,-0.0008517887563883608,0.0072866984631690945,0.04043099280641216,0.022529293498328662,0.05949171994498226,-0.0024016254281572155
667,0.0049781946844400515,0.021676715742773744,0.046479321397251194,0.041013268998793706,0.0023401624867538384,0.043857884035033656,0.029798510183011606,0.05087175792852072,-0.0038538194677367327
668,0.005059235212277136,0.016445663139429634,0.062458584848037124,0.029431895961670063,0.003459430317189316,0.04198766951311983,0.027199750496157082,0.06073505927128808,-0.004019235865714316
669,0.0063362846712266,0.029919667011505946,0.09642696987663535,0.055555555555555525,0.004283778467456423,0.0732384342546406,0.01891511885317987,0.07789549623371483,-0.0023905078967958286
670,0.007114527538128135,0.044368192513887905,0.11042435739538303,0.08514664143803219,0.0035897435897436214,0.09618702777469623,0.04143123984183583,0.10131315965486393,-0.00351260286035426
671,0.006960073351671259,0.018248666834294935,0.09174285284057904,0.030685920577617376,0.005811413090972661,0.05723545434065819,0.022652163714609874,0.06181389857370895,-0.0023149338342002626
672,0.006052339953968144,0.01520965793320872,0.08654545454545459,0.025502318392581214,0.0049169974738362265,0.04821846774783167,0.025431045181463774,0.06452823806898744,-0.003411117537014261
673,0.0057502623294858335,0.01650287588692323,0.05708747170935413,0.02910958904109584,0.0038961627327503967,0.04011227730573885,0.020811017385855557,0.05006356786823074,-0.004400275476723517
674,0.006579790643024941,0.011904065194481173,0.0930547307996833,0.017733990147783263,0.006074140241179027,0.05098082520466518,0.011830514590213559,0.054163094955221536,-0.001823546598240966
675,0.005156836004091336,0.005347817141655664,0.060265700483091766,0.00556930693069313,0.0051263273526180875,0.027645999071293614,0.016447571157701568,0.03894326409334248,-0.0029739787653335834
676,0.006198003327787083,0.02065730744633898,0.08228690439906527,0.03683385579937304,0.004480759093305142,0.05479408924898199,0.02412904195096599,0.05892821525584524,-0.0027543624186019793
677,0.005689596167008926,0.018848419673683448,0.07516483516483508,0.0332681017612525,0.004428737586114395,0.0525830153097141,0.018151288981583802,0.05824315034864713,-0.0019993051802891723
678,0.007954826477619248,0.0356680621870481,0.11399918994692576,0.06595538312318139,0.0053807412509147,0.08656894409937888,0.032126208829709735,0.09349313127290376,-0.003046849633192402
679,0.00559878144168624,0.02238476357083763,0.0524286815728604,0.041769041769041726,0.0030004853726337544,0.04649572649572653,0.0322089653323383,0.06312869122860765,-0.004346324794587193
680,0.005623400058751948,0.017685342078892274,0.05119437899122359,0.03200000000000003,0.0033706841577844093,0.039615005938620884,0.022255054507910432,0.046892529055556076,-0.004712127819311851
681,0.006570962206503994,0.024205928648578068,0.09301178075230998,0.043434343434343436,0.004977513862812755,0.06515943073320124,0.02813492740794843,0.08447673813290896,-0.002656895689750513
682,0.005835095137420754,0.01826721712999735,0.06138886434553725,0.032675709001233066,0.0038587252587615195,0.04395293810358969,0.025564971450974805,0.059884383677119346,-0.004637548116685798
683,0.009293680297397744,0.02533936376195811,0.0939032009847266,0.04341427520235469,0.0072644523215614765,0.06693301854505163,0.024299740176217388,0.06846981428278887,-0.003136345578034848
684,0.007462060870294218,0.02161873586835472,0.08384751773049648,0.0376687988628287,0.005568672873880631,0.05691458817067396,0.02637814244524317,0.06441401327646967,-0.0034652145606538995
685,0.006921291411690178,0.020355901600717763,0.08484046488620944,0.03555878084179964,0.005153022359636106,0.05521616784815031,0.02263954538682067,0.06820928025254902,-0.0038495147431914373
686,0.005281392597600187,0.011366555607032147,0.06702298873088619,0.01831750339213023,0.004415607821933842,0.03659707616013608,0.018037683978055163,0.04752611369573145,-0.003161961837106958
687,0.004427708350575155,0.031170677244657385,0.0414262772854338,0.06154910096818811,0.0007922535211267734,0.05778150699923912,0.02829881910759169,0.05040248098561395,-0.003554782897806634
688,0.004828667033758394,0.02303835537990151,0.059213060938739015,0.04347826086956519,0.0025984498902379416,0.050146820878528175,0.02175060891603897,0.05933248016573078,-0.003266515516239063
689,0.009087514004730513,0.04418162458911501,0.09392374693579508,0.08370370370370372,0.004659545474526294,0.08855092363044614,0.02537462778176658,0.07814252075644723,-0.003825513768622224
690,0.008218154650728393,0.03828642557318929,0.08436859775550387,0.07238229093464504,0.004190560211733585,0.07796237091357161,0.02576471485374343,0.07578003021917235,-0.004131268886545629
691,0.00786932664086093,0.014414683789014116,0.09770483623792714,0.02170283806343909,0.007126529514589142,0.05520888592994444,0.014582556543037972,0.05938408717016408,-0.002499833337965919
692,0.006086376521594161,0.016036181258122673,0.0968882777757133,0.02685950413223137,0.005212858384013974,0.05586186698585305,0.025420111688721936,0.06383996585775659,-0.00201376415845712
693,0.007579564489112234,0.0222423828427043,0.0880419642316419,0.03879941434846268,0.005685351336945921,0.05939550799731974,0.025154528869038906,0.06741938976172979,-0.003460935001813256
694,0.008057885216247285,0.030140764122232322,0.08063950233281492,0.055210489993098744,0.005071038251366011,0.06652826254967481,0.026994460094959094,0.07002008696880857,-0.00365993128304138
695,0.006083235442188362,0.01048349177162522,0.06867006424150113,0.01550910316925147,0.005457880373998969,0.037656901508590246,0.021606314472505384,0.045544208749949466,-0.002743383803271597
696,0.0064107799101673635,0.02184151669677037,0.04646727185857613,0.0405087140838436,0.003174319309697249,0.04347678168779934,0.030642206579948983,0.05808616734451377,-0.00600664407769641
697,0.006625746920856823,0.0499426974090571,0.08654467474738864,0.09737827715355807,0.0025071176645561355,0.09327408757738026,0.03317699458136014,0.0933159028742323,-0.0030520243590296016
698,0.007680819287390617,0.011210952923811468,0.08822772779328247,0.015262110152621022,0.007159795695001914,0.044609719369411494,0.025130051006043264,0.06047002555232006,-0.003579920178493186
699,0.008552254685326055,0.020825182140882914,0.10518769551616264,0.03425309229305423,0.007397271988711651,0.06877350555095973,0.026978278896962915,0.07466420687653852,-0.002451795346883119
700,0.008350818296265161,0.017499518768999245,0.07834947137272719,0.02820955670696601,0.0067894808310324795,0.049231856399245766,0.020147233885250082,0.05524522160931966,-0.003925208077559222
701,0.005999420745583128,0.015463857757383792,0.062470882668689276,0.026365348399246757,0.004562367115520827,0.04155674240541696,0.023043611801810138,0.053908747614935026,-0.003599493797633642
702,0.004648074369189903,0.028783748926674235,0.05723176045933154,0.05560165975103737,0.0019658381023108795,0.05717580688854351,0.02909929811694656,0.07175427940841872,-0.003405648536972377
703,0.006323584473935995,0.02441680982091221,0.07097703142602252,0.044982698961937684,0.0038509206798866824,0.055615475906749645,0.026148920032935563,0.06351102614273418,-0.00380840835388159
704,0.004758128469468659,0.01393578088320957,0.06690954987631481,0.024174053182917044,0.0036975085835020405,0.04087798809206433,0.02833534647809166,0.0522598535686154,-0.0025680670681078356
705,0.005532621185683206,0.01182995263000941,0.07635439790927512,0.018925056775170312,0.004734848484848508,0.041207049575250454,0.017393233186193013,0.052151723209424405,-0.0030278732474272665
706,0.008089737709019662,0.03098266228348545,0.09951908396946563,0.05663304887509696,0.005332275691873778,0.07417402310879007,0.02585753197573959,0.06679066707095149,-0.003122523162437371
707,0.005137056672009255,0.04716361178045425,0.04949590579168539,0.09402390438247016,0.0003033191784383993,0.07647913173267895,0.030392305463991964,0.08086349804819093,-0.0035955536031732696
708,0.006357409458184637,0.022551135850929827,0.03500962056491963,0.04282218597063614,0.0022800857312235134,0.04101433291709056,0.02981173038272633,0.04787281499554452,-0.006784617479263989
709,0.006145484949832691,0.009912549317174668,0.08595278624740454,0.014128728414442793,0.0056963702199064326,0.043082816360297205,0.020355236164398494,0.05795767866993351,-0.00280390011407336
710,0.00826825907211759,0.0015548841194464869,0.09900284900284906,-0.006101694915254252,0.009211463154147337,0.03961429946377726,0.024319469501782875,0.06373576385211333,-0.0035344534879736544
711,0.006318982222596636,0.012598306084595112,0.06660670237267807,0.01996577296063895,0.0052308392085512745,0.03800761726159618,0.018334948334451373,0.045903824860769826,-0.003937348386184161
712,0.006665000416562594,0.03251470977257653,0.07505263147952779,0.06184118060435695,0.0031882389407961176,0.06809042885846217,0.0333665996496284,0.0748574145321178,-0.004464543985540845
713,0.007331258191349943,0.03687749960340314,0.07893708758011142,0.07003012048192775,0.0037248787248786996,0.0742571919935412,0.02206320735123446,0.06350421104562687,-0.003066810061020782
714,0.006576482830385033,0.02125788258754424,0.09189300411522627,0.037489102005231034,0.005026663169857448,0.059806902122905514,0.02004289764752698,0.0609110755530915,-0.0025303363036814734
715,0.006578947368421129,0.02078929440777033,0.09534772244390322,0.036363636363636376,0.005214952451904176,0.06121294630557039,0.023190047075267506,0.06464102006811301,-0.0022483794737471093
716,0.007282889444044538,0.022485432025739382,0.09500913610674366,0.039396479463537304,0.005574384587941461,0.06216336012389517,0.0220615171327333,0.06985695486101118,-0.003019391085113919
717,0.0066838889572313764,0.029351622814699718,0.08972998809526467,0.054318788958147846,0.004384456671251757,0.06951739791379152,0.025559232001626575,0.06455985868169711,-0.002387271992002036
718,0.00594384959109695,0.027325117849719138,0.05357953017308126,0.05211526670754135,0.002534968991897091,0.053769572745912986,0.02306116545238268,0.051599362118185166,-0.004082412309749636
719,0.005989277936002679,0.022489342623625563,0.07922077922077919,0.04083333333333333,0.004145351913917739,0.0564596179876673,0.016879814194155185,0.05458393471375911,-0.0024850284969987653
720,0.006633989689850406,0.007839349911029636,0.08332993411660061,0.009236453201970418,0.006442246620088854,0.036982535793480764,0.024573678306931246,0.056804561810539056,-0.003906733155248282
721,0.005818398029389216,0.00965160825897804,0.05187809460554049,0.014410480349345,0.004892736168611189,0.028270981329061806,0.023006963972566297,0.04406419835843056,-0.005940721378958652
722,0.005902261845798229,0.014314672354182822,0.08250984798928773,0.02367346938775511,0.00495587532061037,0.04736802989765143,0.02880614507247048,0.06353096828784943,-0.0029088321212905888
723,0.006695598264104152,0.010472329794877666,0.05402907724395534,0.015170670037926604,0.005773989551828507,0.030527436293895982,0.022712342589660706,0.04327420559932593,-0.005400089577842236
724,0.007394886963870695,0.006991560051606505,0.09843898740228219,0.006548175865294659,0.0074349442379182396,0.048751947678943974,0.019681227883574737,0.04698402320701078,-0.0017425992785599573
725,0.006767264932117212,0.027561522732360455,0.08228104149091187,0.0507364975450082,0.004386547919712824,0.06421402954529642,0.019499811416656354,0.06439105605264295,-0.0029133586852592395
726,0.008156193213032958,0.014763690325022227,0.08459828375794765,0.022222222222222254,0.007305158427822311,0.05116460610773821,0.017710934167260217,0.04816400313174052,-0.002235867086556244
727,0.0070524787388508425,0.020834344714794062,0.07787449243681299,0.036465638148667656,0.00520305128092069,0.05387050952328576,0.026317619521479374,0.06347552222842268,-0.003415805457302107
728,0.005064907427112186,0.004639960379756336,0.06932929606902649,0.004166666666666763,0.005113254092845909,0.03277653325807417,0.021731442027360437,0.05125685267465008,-0.002348916923415264
729,0.0059961955173268855,0.009914191192737398,0.062382789558333096,0.01460221550855989,0.005226166876914684,0.03274084512008546,0.023809382836096904,0.04808934239359697,-0.00482597894962037
730,0.007640317367029192,0.01492555570973031,0.09162818242862669,0.023134328358208944,0.006716783061251674,0.05233525663144745,0.023322762770817462,0.05852801241239647,-0.0029205407805031336
731,0.006173869514433439,0.017364850054710557,0.061276323199752625,0.03033980582524276,0.004389894284178464,0.04314851630955008,0.022166663876049597,0.05439927459878813,-0.003964222582190757
732,0.005298013245033095,0.012958356151131833,0.060679214402618586,0.021793275217932728,0.004123437084330939,0.037032408319537025,0.025176824824792887,0.05048802025360766,-0.0036430920833678895
733,0.007614846870838909,0.024677771446558805,0.09005752772523545,0.043812451960030696,0.005543090933086914,0.06364372469635626,0.03178965659624122,0.07626405274771086,-0.003699577325246454
734,0.006181233774261274,0.02178793995515449,0.07189879901872509,0.039304610733182144,0.004271269177126946,0.053248498813014966,0.027329102453006793,0.060136458262752934,-0.0030353747533255065
735,0.005699702254359895,0.014074743883942253,0.08508465011286681,0.023255813953488358,0.0048936738143963154,0.04842425925841609,0.020601991714896406,0.05162358106723425,-0.001785895272503623
736,0.006314991790510649,0.00698005730304585,0.07232820378098193,0.007735583684950753,0.006224530921141058,0.03621463151903148,0.01924275292695432,0.0518024581875941,-0.0028093034657686033
737,0.005892605195451872,0.026760036007928534,0.06128318584070791,0.05059920106524629,0.0029208709506106656,0.05555980608320055,0.02713644449755903,0.0638223240500343,-0.004352876186701833
738,0.007899491575276363,0.013537036764410204,0.08199248482512767,0.019958706125258074,0.007115367403562223,0.04818376765990173,0.018053257875313866,0.051219804043267536,-0.002861102717531254
739,0.008055380742605367,0.03185302038746596,0.08710891880263083,0.05859969558599698,0.005106345188934824,0.07120091646058246,0.02118763228394238,0.07178192032201947,-0.0032801429145207645
740,0.006097302790362913,0.020945817341630923,0.07839016496961093,0.037634408602150504,0.004257226081111343,0.053741995801125264,0.019988535192759338,0.06127243359852297,-0.003384911038886846
741,0.00714315905152374,0.02079735282810291,0.07834408083037347,0.03644797879390327,0.005146726862302553,0.053405145084113315,0.022078873635538177,0.05364640702188461,-0.0034998101986053534
742,0.006331976481230184,0.02137393316381342,0.05126142202187445,0.039428289797930005,0.0033195765296968327,0.04460826338521717,0.031721360919811925,0.05565070721646881,-0.005636186329653285
743,0.005675554285247686,0.018067335710837407,0.07243299113944646,0.03179916317991632,0.0043355082417583235,0.049537793497326454,0.02933241901926531,0.06207366752890231,-0.0025237667608045515
744,0.00671392827356132,0.015295108495718246,0.07128737336298485,0.025366403607666344,0.005223813383770093,0.042539623786484126,0.026305138489541524,0.059907014413435045,-0.004608349709743345
745,0.005229300684789329,0.013229551658445193,0.05528837498778405,0.02256944444444442,0.003889658872445967,0.0352669873576833,0.020379363861111388,0.04749541666291557,-0.0038955489620011996
746,0.006893974002242675,0.03216341931286226,0.06743321407845315,0.06104844061048437,0.0032783980152401027,0.06438435984085789,0.02388718263320988,0.062070522681785145,-0.003962809886775276
747,0.006643546567500991,0.036442359406056335,0.08174925279219758,0.06933333333333336,0.003551385478779423,0.07504109775151147,0.018520148875638243,0.06904363879758324,-0.00290864153227776
748,0.0072661217075385975,0.030976591739168002,0.09070386961350263,0.05706521739130438,0.004887966087031681,0.07233451452870304,0.024514373171792836,0.0780154633644164,-0.0026754990847335895
749,0.008851008031470209,0.02023319074092711,0.07460732836760187,0.03374870197300106,0.006717679508853158,0.051157434930948154,0.029042069240980295,0.06082568952513867,-0.004741665626451695
750,0.004838031131678577,0.01803227321460865,0.06968746369234347,0.03242147922998989,0.0036430671992274677,0.04907846669798388,0.018586153196131994,0.05541300399801452,-0.0017717252509088614
751,0.005680882595093029,0.021588148683251207,0.05135381411090867,0.04016064257028107,0.0030156547962215674,0.045077502487575805,0.023626611130825648,0.0517114398482742,-0.004416383206771297
752,0.005282062117050512,0.01325563912052552,0.04537283427456018,0.022862823061630233,0.0036484551794208064,0.031764420416114714,0.02099370938273748,0.042714764411502903,-0.004807284671235
753,0.006105106839369712,0.025571596904884863,0.07013782797104406,0.047514619883040954,0.003628573926728995,0.05704459486280755,0.023530380262684947,0.05577861835151843,-0.0032305117086323283
754,0.00583833566318559,0.016519972351661028,0.05286092034228207,0.029162248144220526,0.003877696559101418,0.03872991336296849,0.02630075660481268,0.05182056420483627,-0.004704106342984689
755,0.006027531155819776,0.02845087648294753,0.07608844201977916,0.05310531053105316,0.0037964424348420067,0.06351448948271193,0.02193400673514445,0.058053783020858285,-0.001992878746225224
756,0.006575935406001654,0.04394107197475017,0.0938036015880328,0.08479532163742698,0.0030868223120734672,0.08936012197306276,0.0282896421233656,0.08897635449124652,-0.0032169297851064767
757,0.007548283714261639,0.027563073905678914,0.09166363589130777,0.04999999999999993,0.005126147811357784,0.06724650926026532,0.029364573582508546,0.08292608257294987,-0.0039616872685779535
758,0.008362657834816822,0.01687644349251005,0.09778351302468691,0.026470588235294135,0.007282298749725857,0.05700405030590072,0.033232987755312804,0.07548695327517829,-0.003614078505321576
759,0.006850163000866605,0.033337049755331694,0.062499068401675295,0.06367771280051981,0.0029963867101435726,0.06378326261988665,0.02607658417641423,0.07103683057011778,-0.004285323658154025
760,0.004433133568672587,0.027519230026933794,0.033002249099761904,0.05420219244823382,0.0008362676056338225,0.04858208215926718,0.029359351143401158,0.059737604067154226,-0.004913650424235284
761,0.00780471604118238,0.02276852891254677,0.07037298431777672,0.040415073730202034,0.005121984094891507,0.05256138569697111,0.02898513116977386,0.0641596042264222,-0.005068645241219305
762,0.007089846179360704,0.017078910774169676,0.10468222722159731,0.027870680044593088,0.0062871415037464295,0.06315184165128179,0.02484146285376765,0.06347675047173118,-0.0016280434120009707
763,0.004740955879212416,0.009215371115873783,0.06587182021436866,0.014264264264264248,0.004166477967483373,0.03393328915077398,0.019106404307482117,0.04788882135556993,-0.002775517347583842
764,0.006341235051283145,0.023730882466833636,0.07852063301282053,0.04302925989672979,0.004432505036937484,0.05843755793129468,0.023241387308805428,0.0659566564281493,-0.002720361831823278
765,0.007284823985177713,0.006533836575242202,0.08613232095456003,0.005681818181818232,0.007385854968666061,0.03989039425119956,0.023669961137787854,0.05585052199796403,-0.0029901831626292716
766,0.006948752947015802,0.02853559708862996,0.08532028100713074,0.052863436123347984,0.004207758053911825,0.06591535116542457,0.029216503298735264,0.07556687898641667,-0.004076644826977404
767,0.006702747710241375,0.024715269654351113,0.07994859052351977,0.045018450184501846,0.004412089124200325,0.059333904317449115,0.023518339882273698,0.05942352921858973,-0.0031743577239161935
768,0.007776448470346975,0.005440663516550037,0.09503470585366647,0.002876318312559911,0.008005008720540219,0.04658997338893145,0.016735131958064753,0.04642727724424889,-0.0016016428379310166
769,0.008917416964631886,0.0023401527373034803,0.09226303796929236,-0.005467468562055822,0.010147774036662893,0.03506171451481688,0.021352223815622184,0.055078106257851145,-0.004192783949289021
770,0.007255139056831839,0.023761975775325128,0.06856153421086808,0.042991755005889254,0.004532196544761002,0.05357321468605025,0.02614131421490462,0.061211532372515975,-0.004635971672090032
771,0.007089846179360704,0.04542802832733783,0.06774360646931299,0.08874458874458879,0.0021114679100866507,0.08220076516669705,0.028833226090517194,0.07464433877703813,-0.00436434017098139
772,0.006774511414025297,0.009762148955217653,0.0762563749928371,0.013175230566534912,0.006349067343900505,0.04053179018155295,0.026801452309853646,0.057437790252025556,-0.0033434743106711545
773,0.00493155343933338,0.013354253780880732,0.06368083353558696,0.02298850574712641,0.0037200018146350544,0.03806015268036922,0.021336792182297115,0.055895225486147004,-0.004013797502732459
774,0.007619439868204236,0.0292158662038845,0.07500046620046619,0.05358435916002896,0.004847373247740094,0.06349476345065785,0.022601153274561248,0.06356033764921343,-0.0030430948355574944
775,0.0062940269267642845,0.022271446330196065,0.0952681653616233,0.039560439560439586,0.0049824530999523775,0.06452916547229126,0.021030451286939367,0.07022096945550566,-0.0018666456992420116
776,0.007051255618325092,0.03441791420050899,0.0838807797344383,0.06488240064882395,0.003953427752193983,0.07327670169157136,0.02463682465226802,0.06780187987527708,-0.0028537789738785763
777,0.006821339845888286,0.02070973851205793,0.08235503602625294,0.03664921465968585,0.004770262364430011,0.05355689973275668,0.023948341046192034,0.06255831606979056,-0.0041461221641228285
778,0.004747850635185458,0.01245497476603874,0.07621187650679961,0.02099737532808399,0.003912574203993491,0.042161713988339455,0.018955550708167235,0.05355302270912732,-0.0025379625812088392
779,0.005398618957940915,0.014673877374749122,0.08048139084699957,0.024767801857585203,0.004579952891913042,0.04991084621191877,0.012680273328815606,0.05061231517741871,-0.0016568201093128017
780,0.007688174265283343,0.01774704084733203,0.0919695177718659,0.029061102831594687,0.006432978863069483,0.05619994476663903,0.024034418918489564,0.06194939089857643,-0.0032412778746377414
781,0.008374426118007094,0.010720840961711442,0.08752608697076614,0.013427109974424534,0.00801457194899824,0.04535076948870054,0.02108343931537937,0.058243176950568576,-0.0035687370645873587
782,0.0061515441207032895,0.010626531987261267,0.07287375636601923,0.015691868758915817,0.005561195215606718,0.040360474988714645,0.02008214105575068,0.047916972085166765,-0.0026703200762673296
783,0.007475047780845179,0.015987464390153305,0.08419382287330679,0.025862068965517238,0.006112859814789373,0.048372889472576786,0.026728986285953438,0.06324700929150495,-0.004531191999120769
784,0.006968641114982521,0.020958070938036366,0.05073169199849259,0.037998146431881374,0.003917995444191358,0.04346434471834393,0.02534691068461703,0.05365454731818142,-0.005915117000067305
785,0.007219917012448174,0.023708858588856296,0.07262492623519734,0.04251012145748989,0.004907595720222813,0.05565778883561856,0.02580911993827195,0.06157444562348102,-0.0035880585402940438
786,0.005172190853842462,0.0070368470866640775,0.06939118078436424,0.009161381254404466,0.0049123129189238,0.03219665628730406,0.016591758852810723,0.03949079012497281,-0.0026497290161939316
787,0.006196357546577325,0.021449639317155933,0.07540590578390083,0.038759689922480633,0.004139588711831177,0.05306097411360566,0.02162752930165812,0.05604825247585299,-0.0035694202013844822
788,0.008648025367541168,0.01990444539848779,0.07145496509539073,0.033538025507793945,0.0062708652891816374,0.048805249183226374,0.028232862775320555,0.05717143117662682,-0.005725619328299528
789,0.007511224875162648,0.005709892096218083,0.09556955216135232,0.003676470588235281,0.0077433136042009965,0.04129461035292192,0.023735101712795803,0.0545385457981471,-0.002690131697979499
790,0.009546248527440349,0.03997173493741013,0.10724715809211305,0.07410179640718567,0.005841673467634534,0.08854320823808093,0.02782277998017979,0.07336187205150058,-0.00341103629480128
791,0.007340508886964359,0.03210181068459228,0.09182705529272495,0.059482758620689635,0.004720862748494925,0.07368581407509533,0.02566330660517535,0.0787724392370951,-0.003052410017593307
792,0.007061688311688297,0.03613728031524277,0.056772769747698626,0.06987668819729892,0.0023978724331865653,0.06572191746499356,0.029702436741698257,0.061909468211667096,-0.004480306913573831
793,0.005650656473325522,0.021434391124301455,0.05517628458395207,0.039786223277909705,0.0030825589706933165,0.04623911155556726,0.030445947032916476,0.05976245399922209,-0.004628578127739175
794,0.004790269504727718,0.02453779057635319,0.04752732746459443,0.04703476482617586,0.0020408163265306367,0.04803043661194961,0.02128405821295354,0.052885231170866076,-0.003578008912238556
795,0.005832738869539611,0.013266066703461976,0.06942990346690137,0.0217821782178218,0.00474995518910204,0.040453314110603045,0.025516804234644752,0.060929781284319806,-0.003980947033788408
796,0.0073389169914587216,0.03695465529193509,0.09016055282428581,0.06968641114982571,0.004222899434044414,0.07886526046384562,0.027791400387416232,0.08198380229350222,-0.0032287455388355785
797,0.007884527136957198,-0.0014143586887883641,0.0998587471022222,-0.011518324607329877,0.008689607229753205,0.043900423849535575,0.015584219127326993,0.05535891331987186,-0.0016205826777450326
798,0.006248951518201595,0.013767448064693433,0.07105405093038486,0.02252519264967401,0.005009703479712968,0.040568822868794596,0.025047086108219596,0.05319973152718427,-0.004042861960095928
799,0.005144857251296764,0.023089912842011673,0.0875418360028688,0.04261954261954265,0.0035602830644806405,0.06016514500724235,0.01877466536162864,0.05906153097753375,-0.001867490198451751
800,0.004616223928826213,0.005271669798643797,0.07179418103448276,0.005998286203941827,0.004545053393345766,0.03328565873191369,0.016842307697252368,0.04807983446644315,-0.0021783789506742493
801,0.007841828647701665,0.013198512332112666,0.08265128817220013,0.01949860724233987,0.006898417421885461,0.04409565400113058,0.024254869314130567,0.057863067354294806,-0.00441322416730687
802,0.007134969846258388,-0.0029601524982586502,0.0979944504934846,-0.01385681293302532,0.007936507936507908,0.0436605554266265,0.009431069279991489,0.05321430572978725,-0.0013650363231398378
803,0.0075741983287366255,0.02871584133226268,0.07666863540500368,0.05290659699542777,0.004525085669097595,0.06301343354390865,0.025856316499401455,0.06249568780753301,-0.0038194952868985457
804,0.006695598264104152,0.03184908545111209,0.08741072678896517,0.05933852140077822,0.004359649501446072,0.07231300334581175,0.03190686252197927,0.08189353241622732,-0.0026843861332209416
805,0.006882864622920426,0.023558986988173825,0.07540727076770015,0.04249291784702547,0.004625056129321958,0.0563073624974878,0.023031673474268155,0.0608047429403642,-0.003547512364260638
806,0.008813413585554541,0.0014832583074552153,0.09496214991777374,-0.00689179875947632,0.00985831537438675,0.03852939951244694,0.021609987265230002,0.05159057029198133,-0.0028586433166495825
807,0.004462388440289011,0.006123786738658765,0.055354908703892924,0.00804953560371513,0.0041980378736025115,0.02611993078463859,0.01653294568304642,0.04423014613652976,-0.003642540554872946
808,0.006080546416225907,0.02746921712326933,0.05276879875195006,0.05238375515008825,0.002554679096450352,0.05363982059315642,0.022650852240292507,0.05736586012808631,-0.004771626379925287
809,0.0070431236871369984,0.02272091215340777,0.09391507864272164,0.040000000000000036,0.005441824306815279,0.06291735922614267,0.029395160903323725,0.06700375463293556,-0.002458302063482222
810,0.006698843305317559,0.008996154194334416,0.08594645166037695,0.011551155115511524,0.006441153273157418,0.0442157581457967,0.023388117336841097,0.06413522785120185,-0.002729379051147257
811,0.008584230141116311,0.005553565401411831,0.0965195862662489,0.0021141649048626032,0.008992965897961058,0.04429618636668364,0.02254574306028667,0.05102704863598573,-0.002715459765688981
812,0.006460107805620674,0.017341617050651514,0.07651912250048531,0.029333333333333378,0.005349900767969706,0.051639833035181826,0.023056480762408627,0.056927478979031276,-0.0019099220615648137
813,0.006329637597219939,0.017928339531473547,0.05682717425525219,0.03184079601990042,0.004015883043046564,0.04146650176911604,0.025519635825026143,0.05381742738645068,-0.005578094588725983
814,0.003159426314695457,0.021317141961141428,0.043139628732849045,0.041284403669724745,0.001349880252558222,0.042717448916676615,0.029289964585118677,0.056344545653848166,-0.0024796357501255875
815,0.005300203527815461,0.01082875031950814,0.07619953827915393,0.01700404858299598,0.004653452056020413,0.04040194251855467,0.023700595793306967,0.051097963219021936,-0.002549573988565954
816,0.0066180499936771,0.013067178615250752,0.11303282415457927,0.02004454342984413,0.006089813800657207,0.05911834431403351,0.019501167252528928,0.07159127529132853,-0.0020569844411605365
817,0.00692100653650618,0.006096449115603142,0.08303276338227972,0.00518134715025903,0.00701155108094742,0.04074977608954711,0.01469740620583293,0.03856312858333866,-0.0015098540260094738
818,0.007388450901886334,0.025138743661089258,0.07541198608655986,0.04539385847797062,0.004883628844207788,0.05822975881292902,0.028260391596086287,0.06992201546041432,-0.003911827090298664
819,0.004984552008238885,0.02573016798206651,0.05922978012835056,0.048895899053627734,0.002564436910505452,0.05358116129081747,0.03295009377889235,0.0656896770283315,-0.003187923526715146
820,0.010772736689455109,0.020234712070127836,0.11686330293141445,0.03080568720379151,0.009663736936464162,0.07139745118634877,0.02453409856827926,0.07459150559154948,-0.003324632871143828
821,0.008144126357354398,0.030643350045156614,0.09073013164310095,0.05585309869931143,0.005433601391002019,0.07130585006348333,0.023993486662608143,0.06713010420254195,-0.0032030072957054366
822,0.007198761143431098,0.024797108550289715,0.08494422136034097,0.04435146443514648,0.005242752665433059,0.06275430399219006,0.0167635730720751,0.057181212303562545,-0.002325707245895512
823,0.006532343584305433,0.012619504276338844,0.07815632124575222,0.019581363943281582,0.005657644609396217,0.0428712990697907,0.027294953054003535,0.06557816947681594,-0.004015692773855245
824,0.0072968212698146795,0.013176800535339539,0.07702058849900906,0.01987662782727906,0.00647697324340013,0.04473343466756752,0.024654733131894258,0.05421099291083542,-0.002968602298122007
825,0.005796614441130665,0.01208924500649411,0.07676617628207538,0.019123505976095634,0.005054984036892529,0.04271397042481384,0.029139225291102466,0.057671586714379774,-0.002675050102503705
826,0.008403361344537785,0.028317156798816856,0.08354803091645191,0.05139056831922617,0.00524374527840743,0.064409311601337,0.033271836763293816,0.06887072110302062,-0.004587888633702415
827,0.005797960133734015,0.008226140786655955,0.06711101627880378,0.011042944785276121,0.00540933678803579,0.03329074290539258,0.019603345048868737,0.04677246918110145,-0.0034313194399922878
828,0.004580416558637945,0.008332405262832299,0.06263930630850867,0.01254901960784316,0.004115790917821327,0.032509042928316356,0.01750086306073162,0.04637158301314992,-0.002486819501747308
829,0.004199034222128972,0.007839857911929426,0.04627219212458078,0.012134583563155,0.0035451322607036317,0.02501267187229317,0.02100066067302786,0.03900540876251579,-0.0038757822286591415
830,0.006731768127986704,0.016364613474498024,0.082411714039621,0.02725968436154952,0.005469542587446474,0.049404157541776406,0.024338714594207667,0.05760606271326629,-0.003011489634889994
831,0.008618556701030955,0.0174433796439587,0.08916708563767384,0.027472527472527486,0.007414231815390027,0.055784786432900635,0.024149269448196842,0.059435581438745944,-0.003163379971179041
832,0.007683457966965346,0.05030553581404862,0.0686473643264156,0.09868875086266393,0.0019223207654331942,0.08729911471006002,0.03429358314940334,0.08457709657448664,-0.004643900002802195
833,0.005988278263823976,0.02054432309268084,0.08588664682908687,0.036551077788191166,0.004537568397170677,0.05702570096662135,0.014839571395449669,0.06039659849648349,-0.00225575079002667
834,0.006769865841073308,0.02121125145355418,0.06100739449001624,0.03818483674598783,0.004237666161120535,0.047571197000775944,0.025002637664226057,0.05783359235609187,-0.004732062775004084
835,0.005348258706467712,0.02005564270281468,0.04947350808056916,0.03716814159292037,0.0029431438127089926,0.042458537919293216,0.021706731385838673,0.049949497940038,-0.00414094365314583
836,0.008047865840812407,0.017595714670844642,0.07087929333692056,0.028962611901000468,0.006228817440688927,0.04620285492357956,0.02417095135428249,0.052787808655118784,-0.004575887783000714
837,0.006310209919650034,0.023409858071088196,0.06887014752265852,0.0428370786516854,0.003982637490490881,0.053743434302429116,0.017930919013335544,0.05087496130600866,-0.003145706150501637
838,0.007984116255491669,0.002553238275605607,0.08802989962656338,-0.003599712023038215,0.00870618857424943,0.03823092069192491,0.02076456959330697,0.05352797554424138,-0.0027399310821076134
839,0.006932409012131657,0.027717911489504754,0.1015442322369825,0.050436469447138754,0.004999353531870865,0.07250073023886439,0.019802156925341374,0.06737745008699725,-0.002407335206565872
840,0.0055195883134129264,0.032092774561840565,0.05116928195530812,0.06241610738255032,0.001769441741130695,0.05954197575684539,0.023895627875713976,0.05826646211180553,-0.004080579353880204
841,0.005576970392848324,0.028081601242687437,0.050428741948927325,0.05405405405405406,0.0021091484313208175,0.05407273944879509,0.031772341092140666,0.06576840039484988,-0.004684649623187737
842,0.006675010429703865,0.021429839966848885,0.11876832563760287,0.03743315508021389,0.005426524853483827,0.0688954046459675,0.0256553791080536,0.07235839904663427,-0.002167538686176272
843,0.007516561916086295,0.009145586402178774,0.0865808989202358,0.011004126547455306,0.007287046256902241,0.04249743186257493,0.02592142874841752,0.05714470053550569,-0.0031892556969708094
844,0.004841888765104052,0.011965093276896877,0.0807615149243146,0.019693654266958405,0.004236532286835515,0.045329115271972586,0.011515653945327387,0.048898626458859784,-0.0014514076114775683
845,0.008476678795898196,0.027839137717917017,0.09089822418695948,0.04975124378109447,0.005927031654739401,0.06743979332923722,0.01831636728518171,0.05820734858534016,-0.003043049717374638
846,0.006983240223463638,0.02278407505236235,0.07693157131359374,0.040488922841864006,0.005079227262860808,0.057079202049052924,0.01715728697304053,0.0543673342153812,-0.002474560157119849
847,0.009169723241080452,0.015219334909100102,0.10755521090166764,0.021877848678213296,0.008560821139986907,0.06468159491985115,0.017551709948492644,0.06719079020515739,-0.002465585671824335
848,0.005478172243927215,0.005806574604103165,0.07171869560171751,0.00618131868131877,0.00543183052688756,0.032357312757306245,0.024255787610452217,0.055842822261767844,-0.003544181485180896
849,0.006485898401539902,0.009345521170518345,0.07573464754132686,0.01266586248492163,0.00602517985611517,0.037421386428571624,0.02404245331117505,0.05407628539394449,-0.0039008911322279474
850,0.006398537477148025,0.013178231654549788,0.04939276171969875,0.02164862614487928,0.0047078371642204075,0.032344673943948354,0.022949995207692475,0.04564285903284249,-0.00601918916480032
851,0.006870991921379188,0.01995151040747878,0.10731341558378349,0.03410341034103409,0.005799610473923411,0.06669436085527758,0.02204852815945957,0.0785403975832012,-0.002215981261547796
852,0.006174913887255329,0.020410582153678747,0.07654754370521233,0.036418816388467334,0.004402347918890048,0.052737335036185606,0.024580838662764726,0.05698728585230772,-0.0030252775387053232
853,0.005716447396074131,0.01808306592471165,0.08260356721592732,0.03148751357220414,0.004678618277219049,0.05558425031813752,0.015423507366140177,0.05717150033209606,-0.00164354241948542
854,0.0063124020133674685,0.026181163920866224,0.08209404388714725,0.04811898512685908,0.004243342714873366,0.06285314312379175,0.019530063072057624,0.059011266687336694,-0.0024295767079856798
855,0.007313997477931933,0.009038996261999777,0.0994823563721201,0.010923535253227368,0.00715445727077213,0.051996904650501,0.017738338761182915,0.06171202485682792,-0.0019470347531655163
856,0.005849936413734658,0.017236400528593432,0.08134332015244106,0.029652351738241323,0.004820449318945763,0.05321400920995212,0.017840098476404775,0.05785182600038841,-0.001703856108735878
857,0.006851053032225329,0.014770734566994626,0.06247757994428016,0.024354603019970722,0.005186866114018418,0.03873744171738902,0.027093951651133374,0.0525931779426031,-0.005378154448600521
858,0.005821014280330106,0.016233359105635836,0.07592886545239319,0.027906976744186074,0.0045597414670857095,0.04763212678067341,0.022618163948220693,0.056633120782627944,-0.0029951682849380518
859,0.006960845245494007,0.02200352744239109,0.08502042056232484,0.039034776437189445,0.004972278447592959,0.0571393951400212,0.024471069457249417,0.06165499296009658,-0.0035136029299269386
860,0.00781346383188708,0.029943736339328786,0.09055128566922865,0.05456026058631924,0.005327212092338329,0.07075488788965767,0.024683853289417024,0.06506856087451807,-0.00285467564968693
861,0.00822600747818869,0.0221986066970139,0.09615405949955919,0.03760071620411809,0.0067964971899098225,0.06592976217230939,0.02154445378846448,0.06746618639587187,-0.002339609003555825
862,0.00738115095913261,0.026877407157023026,0.07632483245503874,0.04921259842519682,0.004542215888849288,0.06050405376573498,0.026871329363131302,0.05599542671853963,-0.0036796073669970106
863,0.0070166539859666255,0.019202255534997326,0.08408614380163137,0.032863849765258246,0.005540661304736405,0.05443758777900998,0.013081977117396004,0.047832103022663386,-0.002032110762490262
864,0.006364222747796133,0.004863454406757284,0.08469872349334207,0.0031230480949406836,0.006603860718573884,0.033247027354845526,0.02205064639624721,0.053879064785712805,-0.0038978255938066086
865,0.006778110445775143,0.040921974100043945,0.09960472672337084,0.07815631262525047,0.0036876355748373113,0.08763843428052792,0.03414179769517345,0.09209423938484596,-0.0029907947590047147
866,0.0058062375580623105,0.023872862554848218,0.0575473379873902,0.044682190056639426,0.0030635350530568983,0.05030991524558359,0.029399972567025867,0.06910418664940055,-0.004801102665948395
867,0.0076864919354838745,0.011467185023429693,0.08138128262797217,0.01565217391304352,0.007282196133815866,0.04895846783751512,0.01375106978243612,0.05068956136398828,-0.0016245569386556767
868,0.004588314531065785,0.01686090362052528,0.07255613213092182,0.030528052805280537,0.0031937544357700798,0.04568391211906453,0.02278446827560665,0.05997477458447753,-0.003133103326235946
869,0.006577844813138944,0.02172293713032114,0.07213839377991194,0.03894297635605015,0.004502897904592129,0.052769350693127715,0.025258430338366833,0.06415653437311764,-0.003748409761155355
870,0.006810729000252258,0.015560702739320309,0.07941954676134344,0.025454545454545507,0.005666860024095333,0.048355593340049685,0.025713866161503396,0.06115351426164817,-0.0032309631263629304
871,0.0050000000000000044,0.0308452548516982,0.05617944147355913,0.05970149253731344,0.001989017166082907,0.05915446326588303,0.030476530239409327,0.06514383257614942,-0.0033230723612276206
872,0.005055991977268914,0.026808518440246232,0.05798478507236149,0.05135730007336753,0.002259736807124879,0.05498540654234263,0.022369811245188664,0.05750714751202424,-0.003389008426296858
873,0.00675876726886282,0.017740045161173335,0.08362753564650427,0.0301941049604601,0.005285985361886625,0.051212443345935665,0.021449527377101818,0.057471334062151214,-0.0032916033114017904
874,0.007304144580324801,0.0250188153634876,0.07447130024943005,0.045272969374167804,0.004764661352807509,0.05771403038662748,0.023496732059084757,0.06098461012926104,-0.0036451506420004803
875,0.008388130163547447,0.018247637561011998,0.11031861129422105,0.029080675422138824,0.007414599699885227,0.06532749655270648,0.023637328001640312,0.07981379978744246,-0.002827731667110228
876,0.005900832059772432,0.020536715999113442,0.04839979489198165,0.0380658436213992,0.0030075883768276857,0.04270998673350257,0.02692628228563776,0.05698653488661953,-0.005834878273503687
877,0.00675307243823664,0.0182044768338111,0.08707467433450966,0.030969845150774278,0.005439108516847924,0.05498727146493865,0.022171392194246353,0.06448219980972714,-0.0029677581469982617
878,0.00765638803584201,0.023401113551357655,0.08949943097854707,0.04083405734144219,0.005968169761273234,0.0637631233890944,0.014885587514335996,0.05926028861496846,-0.0023752509279897187
879,0.007752261076147238,0.0115327688870841,0.0744597766534063,0.015986769570011106,0.007078768204157093,0.04062629189761946,0.02650368583211904,0.056764317447515755,-0.004262037569938905
880,0.008251440892316664,0.013205446119019859,0.08241689218393689,0.018855218855218903,0.007555673382820816,0.04813905159607723,0.02114575411234998,0.05391705776892797,-0.0028271008010528204
881,0.0060334425099121125,0.0016694038757396612,0.09146444219750582,-0.0030927835051546837,0.006431591256633951,0.03775302169797584,0.017911501749433567,0.04244047765339232,-0.0014298394232166133
882,0.007331013916501039,0.019028848105192342,0.0623946701236473,0.03289124668435017,0.005166449526034511,0.04528871848495408,0.019981522092872517,0.04961216655819156,-0.004266500465520184
883,0.007867318732723838,0.011600186164335002,0.0871908054913354,0.01588352084712108,0.007316851481548814,0.045238619330629004,0.025174834345142116,0.06487007657205246,-0.003735619079045127
884,0.007159604756322269,0.02363908087968669,0.07410560171114244,0.04249667994687911,0.004781481812494381,0.05574423580507115,0.029480908552164675,0.061130329527227745,-0.0037589177828825926
885,0.007866767093480664,0.022318414178805424,0.10107445748623994,0.038123167155425186,0.006513661202185772,0.06762673981509698,0.021022878173592052,0.07272888718952214,-0.002295895148458231
886,0.006456820016142006,0.019363052756793175,0.08588019097269528,0.03383162863886707,0.0048944768747193335,0.05439803822350242,0.023666648177700478,0.06700539027584251,-0.0034260440259259485
887,0.0050332022163007695,0.01571735915458472,0.06891828169440828,0.027642276422764234,0.0037924418864051512,0.04404115915734974,0.023187073123575486,0.05998729841048778,-0.0030019382845774788
888,0.007378051351237369,0.02406684190695807,0.07971983623319079,0.04322200392927311,0.004911679884643028,0.05779173970740026,0.024881382885045933,0.061308040984604295,-0.0040537693975665826
889,0.008538237346578548,0.030542732811891016,0.10117622458047992,0.054954204829308906,0.006131260794473237,0.07565799981994487,0.03215203507727449,0.07954980983329957,-0.0031248389348049847
890,0.006225357958082545,0.020661056598713756,0.052351535963569895,0.03776595744680855,0.003556155750618961,0.043941507665672286,0.01950513837209855,0.04584188393238997,-0.004440349381360807
891,0.00787731500879918,0.020954098939665267,0.0947448684417499,0.03550784475639973,0.0064003531229308575,0.061458641561230154,0.02394649502345625,0.062252581618934544,-0.0025398170627720894
892,0.008959113862192614,0.0204491602989737,0.08447315810923894,0.03366583541147128,0.007232485186476123,0.05648098709564864,0.02288851872584141,0.05364273593230717,-0.003246768222153494
893,0.005775192152532971,0.01904363873667836,0.08610934597712389,0.033407572383073514,0.004679705090283037,0.057144816895418726,0.0182831399548824,0.06449489830247207,-0.0016258233316743358
894,0.006305745695913689,0.033333243048165095,0.05545113500315113,0.06457564575645758,0.0020908403398727238,0.06274748964834109,0.026431475445142905,0.06172417681612541,-0.004425144014483164
895,0.007735083831584277,0.012573321605865329,0.09122738824055987,0.018018018018018056,0.007128625193712601,0.049941628831128626,0.022327014860776262,0.06517152900449441,-0.003090543099859483
896,0.007157123834886869,0.022101943028889126,0.08868120456905504,0.03868797308662736,0.005515912971150838,0.060391344722583395,0.023154213128582457,0.06667623727546623,-0.0026776165792704518
897,0.007495003331112637,0.03633219554005085,0.088673139158576,0.0684931506849315,0.004171240395170139,0.07737308926212488,0.02606488340640989,0.08536826661986352,-0.0037974247104027962
898,0.006610576923076872,0.014833714149891208,0.07789883890413252,0.02422145328719727,0.005445975012585258,0.045534860869176796,0.01808642965514007,0.055826292147549084,-0.0034645546555721954
899,0.007018702778580521,0.014767559398065844,0.07026736645320275,0.023767082590612,0.005768036205519578,0.04331247971715391,0.027656743661869543,0.05940668800209614,-0.004094121332824892
900,0.008059384941675574,0.02823025548595748,0.11613978384714818,0.05049594229035165,0.005964568681563254,0.07680473372781066,0.024278045405472737,0.08179550156049997,-0.0032490967340908297
901,0.008817601612361448,0.017736677409309842,0.09477427179600262,0.027944111776447067,0.0075292430421727286,0.05599740397278352,0.021508649144293512,0.060737701690193435,-0.0035538673860283365
902,0.005128636287203725,0.008835214189225504,0.06433059730868484,0.013058419243986208,0.004612009134464801,0.03359584541475913,0.024521692353309588,0.053036429254792905,-0.0032678077333004665
903,0.006910332195487534,0.03066159292036419,0.07163836939929136,0.057856673241288625,0.003466512599439975,0.06411405873173492,0.027564908284739564,0.06607132509717917,-0.004437757521826
904,0.005484693877551017,0.00015802750896720674,0.06528177539055191,-0.006128133704735306,0.006444188722669719,0.02218247809719298,0.019394854008866202,0.04188820678217153,-0.0038164844752388224
905,0.006019278528433758,0.010377663481289545,0.07775702943428675,0.015394483643361156,0.005360843319217934,0.038360729016396755,0.022417592648726115,0.053729932861457996,-0.0037898408824042704
906,0.0074857263692112985,0.017573828269334624,0.08365508805259236,0.029139072847682135,0.006008583690987113,0.051047824476898596,0.027299592955329688,0.06167288459275366,-0.003752316190980848
907,0.008826974564926315,0.020393426724057195,0.10088461273145949,0.03321976149914824,0.007567091948966209,0.06496294661207186,0.021750929922480844,0.06978795691965578,-0.002727667123959044
908,0.005738575982996874,0.014228062801699748,0.07163697616088427,0.02392344497607657,0.004532680627322927,0.042217039413993906,0.024211485521478004,0.06421278887607429,-0.004206167094054775
909,0.007199034580333663,0.011677195122433481,0.0733000040994195,0.0169300225733634,0.006424367671503672,0.03989119863670576,0.02055306565827686,0.04947102343292564,-0.0038515853100570124
910,0.005892577048624448,0.0055062459927400775,0.06136456026636272,0.005032021957913968,0.005980470027566298,0.025707527755063908,0.02170125059209882,0.046901081001294975,-0.005492934062091795
911,0.008135399206900762,0.03963096039555869,0.06929712311397018,0.07614515169541936,0.0031167690956979133,0.07466962034985869,0.034247181874161425,0.07731067643158596,-0.005274202420365685
912,0.00511337440798032,0.02792606062166203,0.08356158459231922,0.05279187817258879,0.003060243070735269,0.0652174421506947,0.028517004876416285,0.07319633128555125,-0.00240812942495024
913,0.007213857316612837,0.0002534128703974847,0.09542111773113404,-0.0074875207986688785,0.007994346539463848,0.0386909452109091,0.023858565450556868,0.053503429747811304,-0.0023326963116422177
914,0.007120837132560509,-0.005901119319047909,0.10188002616993813,-0.019900497512437776,0.008098258874342013,0.03922398533253957,0.01675394454371404,0.050682699574335466,-0.0013228657431206478
915,0.004865159585622614,0.018294165208778135,0.04735450780887651,0.034052213393870545,0.0025361170236856134,0.039643869459807135,0.027127420295135596,0.05035571882515799,-0.004920039076893555
916,0.006126415413216124,-0.0005063664857478667,0.07962076583210609,-0.007930214115781098,0.0069174811442852535,0.03172284458339014,0.019211224174557118,0.04705664567799117,-0.0021836283955557617
917,0.005673460811094766,0.021318001239558626,0.06486635558530707,0.0390625,0.003573502479117363,0.04960960983777507,0.018884187175389866,0.05384134910784366,-0.0033302708702378572
918,0.006554146675805339,0.013726389500518965,0.10396586094300392,0.021454112038140682,0.005998666962897192,0.058107366845706554,0.02588324300334266,0.0855548934538573,-0.0022987375440922005
919,0.006069291073084404,0.0162844251422819,0.08490676311691597,0.027352297592997787,0.0052165526915658456,0.05447480670765964,0.02131536781861909,0.06690764644442787,-0.001870087743249798
920,0.007051068090787704,0.026527620687520792,0.0662931036499903,0.04890604890604888,0.004149192468992591,0.0565285517659142,0.02568630977214903,0.059910222018945136,-0.0038032921968375183
921,0.0076230366492145984,0.013575857808833414,0.10811752654052054,0.02004219409282698,0.007109521524839679,0.06041267033236947,0.018575904738190263,0.06966937381801541,-0.001954855323348749
922,0.009179156005036382,0.04418452810871587,0.0734486860947704,0.0849598163030999,0.003409239914331952,0.08142826919731105,0.035151620548155016,0.08356210371691641,-0.00577218357233257
923,0.00763201320132012,0.039825286911921776,0.09842632427921671,0.07548770144189992,0.004162872381943572,0.08548599220824343,0.030490583314474518,0.08075467040383177,-0.0032808682308781804
924,0.006260997667471457,0.021812859136802865,0.04788633845125101,0.04054054054054057,0.0030851777330650476,0.04412153751472436,0.029473063175276537,0.055570686393202395,-0.005765176730271465
925,0.007765424764491269,0.011783425794521074,0.08929951998640673,0.016320474777448024,0.007246376811594235,0.04838773801270724,0.01718867571485483,0.058618641443987984,-0.0029634235503190193
926,0.007652116674209175,0.043283408567500015,0.09108268263601893,0.08292682926829265,0.0036399878667071617,0.08707795645018224,0.028058733029155403,0.07824036349143582,-0.0034381749883740445
927,0.005890954668894999,0.0195536075276882,0.0764047563991519,0.034985422740524796,0.004121792314851658,0.05068360407343453,0.025602963467758366,0.06479342289509349,-0.003589627135111434
928,0.006369960606822489,0.01444293891977777,0.07984651066317205,0.02358827734095792,0.005297600498597732,0.046265926950266434,0.023177738043184237,0.05671852075359507,-0.0032755064101256427
929,0.00866893910701505,0.02026335394575207,0.09760102961290329,0.03330809992429978,0.007218607967204305,0.06105077316288865,0.02065691619497101,0.05809633278957316,-0.002665443758011421
930,0.00742910511122441,0.019916780171605142,0.07316215206363419,0.03432930705657977,0.005504253286630512,0.05092046227056424,0.01834760253248935,0.051547288307037586,-0.003453080398572929
931,0.007665242523247073,0.017347459719821434,0.08737370050227777,0.028328611898016942,0.006366307541625815,0.05280747981810052,0.029277586344756412,0.06835977785530045,-0.0034910645373582086
932,0.007663311378981907,0.025025176826467432,0.07562279122838045,0.04495825305073853,0.005092100602196226,0.05813289700936286,0.024598140537938185,0.05982124881415163,-0.0038477173185575073
933,0.007080088292865772,0.02831188826875708,0.1089402067552322,0.05133689839572192,0.005286878141792295,0.07630306782407098,0.027466831293572858,0.08846524655442273,-0.002703324332888144
934,0.007221855397821053,0.02652466492943739,0.10534224313573293,0.048006509357200966,0.005042820501673706,0.06977614733847426,0.030912301494477212,0.0874564375048622,-0.0038834586920958973
935,0.005833262369071002,0.005657914905623729,0.08413273001508303,0.005464480874316946,0.005851348936930512,0.037795515035892124,0.021778902339368078,0.05028695553660867,-0.00200180819572357
936,0.007542692486969704,0.01592732899887095,0.10023471673957118,0.025217391304347858,0.006637266693393928,0.056693684866838845,0.019381206096136694,0.0633953523314934,-0.002452554126316328
937,0.007984604045532695,0.023569181552374197,0.06228596032192901,0.04218985434455047,0.004948508760197923,0.0508083405897336,0.02339179734869068,0.054247114627704374,-0.0048485601052877594
938,0.006206040546131608,0.02930472268310358,0.07738524590163931,0.054830287206266315,0.0037791581599408985,0.06478088303725393,0.030112363067754333,0.07897589633443919,-0.00300109827419532
939,0.006370232872089154,0.017473938558640212,0.06739232543091067,0.030525720746184204,0.004422156371096442,0.04418527567278274,0.022399058423681728,0.05167823319292175,-0.004523897363139434
940,0.009242743635479167,0.029051385514003325,0.08543667947486389,0.05200945626477538,0.006093314763231272,0.06627440248129901,0.031416094788188964,0.06421585701965848,-0.004159737109228068
941,0.007361911572924984,0.04130350659010029,0.1044467511828252,0.0784313725490196,0.004175640631181032,0.08980372030847977,0.03185337253005882,0.10813189330508921,-0.0035776386744525747
942,0.008373953255843003,0.017782042664050035,0.10000351259264462,0.028239202657807327,0.007324882670292632,0.06076151964746124,0.023319384090256245,0.06200706067714579,-0.0026424390670559683
943,0.007734943745863698,0.0263972735188871,0.07236469479379204,0.0481220657276995,0.004672481310074694,0.05825096392016316,0.0287770346864622,0.06746013532799544,-0.0049511163933863775
944,0.006987120127956881,0.022176523246735358,0.07219595435315862,0.03966730646193217,0.004685740031538543,0.052952172460605684,0.01905987425767386,0.05589815834566314,-0.003957931836175217
945,0.005800851347967595,0.015670255819104417,0.07826516489507945,0.02642276422764228,0.004917747410566609,0.05080258711807972,0.025350755264668123,0.05772228795002132,-0.001767508043875144
946,0.007739680426098516,0.03126646789764176,0.0933000215932811,0.05716878402903813,0.005364151766245162,0.07404761904761908,0.02928016934677702,0.07386824200636388,-0.002691069674987917
947,0.00807092376531593,-0.005362196446249912,0.09670496527979267,-0.020020020020020013,0.0092956271275203,0.03925057408336757,0.015691872373377214,0.042334814401029486,-0.0012848152238064924
948,0.003827751196172291,0.01738007994670232,0.0398901373607643,0.03289473684210531,0.0018654230512992198,0.0361862364613893,0.028217007375200276,0.05027665348982502,-0.0037513899780560953
949,0.008044949559443237,0.010947037864515563,0.0985762621886479,0.014221556886227615,0.007672518842803622,0.05018539218626461,0.021699762905925235,0.062037976628073976,-0.0031588855623043803
950,0.006841456677856628,0.010481343378467733,0.08828895725045083,0.014447884416924683,0.0065148023400106725,0.04946585730364028,0.017180759912545196,0.05563508969922426,-0.0016350511667737912
951,0.006253085403982284,0.02638977396258957,0.06501464926923994,0.049237170596393875,0.00354237732878504,0.056132748115636066,0.03111145765967127,0.06972627816202814,-0.003860684709232981
952,0.006916996047430901,0.014532214625405104,0.07744450332685626,0.02332719459791288,0.005737234652897327,0.044980839784507065,0.025667358889751135,0.054907313616561315,-0.0039030816630208007
953,0.007650727650727718,0.021324646358169996,0.0786971805929152,0.037083595223130095,0.005565697493209898,0.0542633700278925,0.02571292072160325,0.061661565697587184,-0.0040211445023857414
954,0.006307435254803595,0.013831297076853488,0.07892868515281293,0.022273425499232058,0.005389168654474807,0.04638127849564644,0.025889733274761073,0.059800293628231804,-0.003043541885316192
955,0.00663689109654797,0.019509390632141632,0.055463755423575956,0.03496503496503489,0.004053746299248484,0.04324626212221372,0.024608004157081975,0.05008218765283956,-0.005319294229496577
956,0.0069824418129849075,0.016045344959914387,0.08281795760090105,0.02621722846441943,0.005873461455409235,0.05130630183753071,0.02074500374855326,0.05455289022444376,-0.0026247072000120802
957,0.007340277208234269,0.026917872902932682,0.0858440761203193,0.049088359046283336,0.004747386759581862,0.06388777224867481,0.03558637254374941,0.0734164385759496,-0.003951350634403834
958,0.005519666366832876,0.02400839941861488,0.05096679753988609,0.04542737597130908,0.0025894228659205654,0.048373832662517935,0.02874573657625723,0.06949335276390955,-0.00523006959997422
959,0.007957115336292842,0.016282346363328593,0.08820051786803706,0.02578018995929443,0.0067845027673629765,0.05176642059710468,0.02808545769957249,0.06646162296319469,-0.003698346604077897
960,0.007917754839779412,0.023363226748881694,0.07463234244418382,0.04129263913824066,0.005433814359522504,0.05526687254726603,0.028285916798046262,0.06647308755230119,-0.004339696882438314
961,0.007520983960774497,0.005522572472526854,0.08437806129589032,0.0033003300330033403,0.0077448149120504794,0.04241002830570162,0.013330548400075193,0.040205971973192645,-0.0014637982368867278
962,0.008202864756828743,0.019956240927233138,0.09208055113073876,0.033420707732634336,0.006491774121831884,0.05685551733305072,0.027998726097575477,0.06676112653335253,-0.003875742052775362
963,0.005362722743011639,0.010665752395557115,0.062331682738250405,0.016801493466085837,0.0045300113250282825,0.03437510085217155,0.02594615431778169,0.047346383957114435,-0.003619073053022684
964,0.00566982576666808,0.04153173149734313,0.06797807725680138,0.08115183246073304,0.001911630533953157,0.07637764932562624,0.030866365485530345,0.08479466257301066,-0.0032446163944256923
965,0.00699590180899945,0.02213548906371987,0.10420656240876991,0.0385438972162741,0.005727080911165694,0.06887777176183796,0.01658491577011323,0.06269459568346436,-0.0019149489802379287
966,0.007491571981520728,0.013481011620145145,0.09196501696501702,0.020279720279720248,0.006682302960570041,0.04946668480865135,0.021047335635555386,0.05475661634291418,-0.003065757551276041
967,0.00665543386689138,0.021004665304510506,0.07121844404270006,0.03734439834024894,0.00466493226877196,0.05167219903874587,0.019712397421060346,0.05841522561355594,-0.003391349070395497
968,0.0038380430198228233,0.019630749107363843,0.04738070149029061,0.03730158730158728,0.0019599109131402948,0.04175995455055226,0.026249001308021547,0.05478020460807487,-0.0029809209045344766
969,0.00715843172748587,0.046251635208690356,0.09324600645111747,0.08939526730937775,0.0031080031080030768,0.09201337571298779,0.0391807881582934,0.09011491686437534,-0.0034109564166661215
970,0.009368652323508697,0.03135589443267128,0.11249010263381987,0.05569837189374466,0.007013416971597852,0.08094613273193352,0.02298930572147795,0.07637679696598648,-0.002848577724348003
971,0.005309220623003874,0.016430154005498743,0.06062152609734994,0.02906574394463668,0.003794564066360806,0.041996782029752655,0.02053682989775729,0.04570084610130365,-0.0028799181152859635
972,0.007006841975105038,0.04137696614231279,0.08807667937947916,0.07941929974380868,0.0033346325408167843,0.08374929488631566,0.02765799341194919,0.08155586934239245,-0.003126688176034738
973,0.006782745357541642,0.017881726579088153,0.08100261771848494,0.030303030303030276,0.005460422855145919,0.05250219421455182,0.025353163348969754,0.0620214521229574,-0.002966460831381284
974,0.005717319393964138,0.025728481117883062,0.03504218912831547,0.04980657640232111,0.0016503858334449006,0.045465673566784215,0.027698489546247873,0.04977004419415676,-0.005575597019959161
975,0.006951132699635765,0.011489802350186817,0.07701344064906923,0.016766467065868262,0.006213137634505483,0.04038638685506146,0.027329582876478242,0.059275620513687066,-0.004158717122158359
976,0.0062317181737250316,0.009794536029004597,0.09724380318165005,0.01366982124079913,0.005919250817210009,0.05034855443800201,0.018202367458789226,0.06555404227923645,-0.002037244620640588
977,0.008304412493802649,0.02411684349828469,0.07585101817628082,0.04246411483253598,0.0057695721640333986,0.056841628146455436,0.026176792580801633,0.0614206456224784,-0.004001286139655079
978,0.0063801918282840875,0.01982765686558441,0.07332085007916211,0.03507516105941311,0.004580152671755711,0.050946636799723,0.020627786979540153,0.057340913486115475,-0.0034508499023221707
979,0.007478499314470866,0.015533511613905926,0.07922648418516187,0.02466525722339674,0.006401766004414999,0.04915151515151517,0.021404480660602743,0.05667539740532357,-0.0028571279238915406
980,0.0070173981646803885,0.009323320540953084,0.06902300962448105,0.01210653753026636,0.006540103551639587,0.033976184360889894,0.025014169564545163,0.04853293459268393,-0.0048013450209417954
981,0.006463489466148498,0.03187337190338657,0.07199407357054999,0.060250391236306766,0.0034963525704665432,0.06561445548539596,0.023831825164403075,0.0653109132085159,-0.002793350791148827
982,0.005869375182117165,0.02114147222913121,0.059770004852757075,0.03863785199738046,0.00364509246088196,0.047591105100693976,0.027633814664628442,0.06703368758351802,-0.004361698592497597
983,0.008016947744454606,0.018062526544190494,0.08830595135435426,0.029184549356223166,0.006940503732157599,0.058545785341496126,0.020216654923370214,0.06481555930253668,-0.0023058928578841807
984,0.006817426005986005,0.00998072377140713,0.09722400791260499,0.013513513513513487,0.0064479340293007725,0.04626330523604738,0.030033489675202252,0.06065319217439202,-0.002775564653917491
985,0.006422474517278509,0.023625825920107313,0.07990325586144398,0.043034281546316555,0.004217370293898015,0.05763096703597326,0.024208784054049137,0.06434284881519325,-0.0036289119497441326
986,0.007330019378212205,0.00977411556129526,0.07110804307398477,0.012726382770435696,0.0068218483521548245,0.03536314955013553,0.02310315540154928,0.049188254007238696,-0.004844222495771787
987,0.008495604996425099,0.01939547202223202,0.08132974477179833,0.032165422171166025,0.006625521873298235,0.05226529370300381,0.021690812663190395,0.053198764785355346,-0.004023771301247023
988,0.0073249340755933146,0.008819779139955908,0.061039387962464886,0.010714285714285676,0.00692527256562625,0.02970896450229621,0.02409449313080414,0.04568184920427443,-0.0061117861618557034
989,0.009022118742724072,0.034311968028551965,0.122846790082285,0.062094531974050016,0.0065294040830540245,0.08816804036155645,0.028796124329697248,0.09269244973169849,-0.00332632716144601
990,0.006891489621987601,0.030115913645526793,0.05287116440512518,0.057495969908651245,0.002735857382402229,0.05678976824480486,0.028334590269422533,0.05688826540215408,-0.005060419686999627
991,0.005983329206899479,0.03613553413101489,0.09487804795665733,0.06899999999999995,0.0032710682620298304,0.07995802138405511,0.034110011190496725,0.08620970862890992,-0.002884980143257679
992,0.007048677336429221,0.016102965991428797,0.06720173295082343,0.02670454545454548,0.005501386528312002,0.04362901270782771,0.021747579674552098,0.0511485065178372,-0.003993323234746993
993,0.0047701464814893235,0.008068486607634928,0.059222041374755285,0.0117647058823529,0.004372267332916846,0.032707022747697434,0.02132781157434871,0.04776015863545169,-0.0022898332620988338
994,0.0054661016949152375,0.01257877726264478,0.08965153629019174,0.02027027027027023,0.004887284255019386,0.05085823766823183,0.01414217471257806,0.054543174547632356,-0.0016103030376823403
995,0.007160788509815164,0.021300826440913023,0.08597801104514319,0.03679245283018867,0.00580920005163732,0.0609338043415556,0.026891907471743637,0.06887698504444262,-0.002130767833901537
996,0.006793931310436818,0.02297719381414831,0.07560456497009282,0.041345480028030845,0.004608907600265999,0.05562624091432322,0.023205204430834403,0.056121436806608305,-0.0032434371473404333
997,0.00801454184912831,0.03105050976806767,0.09407552111887818,0.056782334384858024,0.005318685151277314,0.0727757107372416,0.02437437305280199,0.06962412428850773,-0.003051895251284076
998,0.0076919807912965155,0.008789562811586382,0.09487751540360134,0.010023130300693905,0.007555995322479081,0.045973790157953776,0.02430984130454039,0.0655693792829315,-0.003102351132153902
999,0.006176188290280882,0.02115660080788806,0.09616737422582533,0.037330316742081426,0.004982884873694693,0.0633186426929837,0.021383957796739517,0.07816094718145589,-0.002065597256255571
